finding_id,severity,confidence,fingerprint
R01-001,MEDIUM,HIGH,067310730f83b87a7cfb1c2522fce314
R01-002,MEDIUM,MEDIUM,6e77b21045de85c50f10e1d8bcc2c201
R01-003,HIGH,MEDIUM,e922c76dfa2f2c63299b4633eb01263b
R01-004,MEDIUM,MEDIUM,ebeeec4302ab3190afcfc76f6e64be71
R01-005,MEDIUM,MEDIUM,5e6c53a105ba12831ab35c38a1ceec26
R01-006,MEDIUM,MEDIUM,f1496fda3fbc45e220e64a9acef29298
R01-007,MEDIUM,MEDIUM,305ef4d19b72ad11f9c9c2fe00bf54cc
R01-008,MEDIUM,MEDIUM,d734be7477223d99516d60dc4ddf3718
R01-009,MEDIUM,MEDIUM,3482febb3be5337ba97016199b168f22
R01-010,MEDIUM,HIGH,515c3371ccc71b9bda1f5a67505565c9
R01-011,MEDIUM,MEDIUM,364a9a824660ed7a071ae0fafa64eea2
R01-012,MEDIUM,MEDIUM,3d0858823d55599c21083ffafca85597
R01-013,MEDIUM,HIGH,9268d3e379bd300335234d54849d7525
R01-014,MEDIUM,MEDIUM,d522989d932b6991104ae6b9d7b0e515
R01-015,MEDIUM,MEDIUM,1593e99e603a216993d0ecd38d204d6b
R01-016,MEDIUM,MEDIUM,b0c514ccf5b202d4345c5a5e3cc7b71a
R01-017,HIGH,MEDIUM,0500398c97ce13aee8e56149c14e9faf
R01-018,MEDIUM,MEDIUM,1df08efbdedcc2801b5153f2af242571
R01-019,MEDIUM,MEDIUM,da4c3defb058a38c0659ffe73271848b
R01-020,MEDIUM,MEDIUM,6c336423ddf260bd8ec803f0a073b716
R01-021,MEDIUM,MEDIUM,39933af8769d804cccdc57f38398b1fb
R01-022,MEDIUM,MEDIUM,72805537f3daba6050bba05c1c55d8aa
R01-023,MEDIUM,HIGH,3fd8eb58040293b8fcdde691885dfac1
R01-024,MEDIUM,MEDIUM,9d292aa6ac5d47ed8a6464a0de65321b
R01-025,MEDIUM,MEDIUM,406b3b2f0e795b24535fc4aadf537c7d
R01-026,HIGH,MEDIUM,602423f88b547cfcc2bc2510c67d308e
R01-027,MEDIUM,MEDIUM,0af8ac6f3c15576c9ea9b220ecb5b479
R01-028,MEDIUM,MEDIUM,6c03e387a4032c57ce1be82b99472bc0
R01-029,MEDIUM,MEDIUM,9202b08f154d498d0d362b8eae16bd2e
R01-030,HIGH,LOW,9a983de61d067321f5918fca3fc65904
R01-031,HIGH,MEDIUM,718139044c0e38291b142b3443a67c7d
R01-032,HIGH,MEDIUM,41f4ed2fbebaa48ee3aad2337fd8d872
R01-033,MEDIUM,HIGH,624102211d80671a361b03b8988f8417
R01-034,MEDIUM,HIGH,214b165eb4d06ac5d16b5c8e3ce94310
R02-001,MEDIUM,HIGH,92362a6e4a2dda40a3c0f23df35361bb
R02-002,MEDIUM,HIGH,86cde160e3d07401659b4e13706aafa4
R02-003,MEDIUM,MEDIUM,18a69c583109f645418ff99704f56823
R02-004,HIGH,MEDIUM,4f23b8d4909f120c2941ee7f78a44741
R03-001,MEDIUM,HIGH,0c9f66e825bd5c5640d247e8679a5184
R03-002,MEDIUM,MEDIUM,0c652fa68e2d623c80624bd6d63fd0d9
R04-001,MEDIUM,MEDIUM,5847c36b49ed394c7693777ea98bfb1f
R04-002,MEDIUM,MEDIUM,8d7176b0fb7467fe9b1de0f3b331e921
R04-003,MEDIUM,HIGH,8821c941d9f7dc20205dd3d2898b766b
R04-004,HIGH,MEDIUM,b0c0cd3b15d523ffbde500fd33fb97e8
R04-005,HIGH,MEDIUM,2239c1e835bbc5a48b9bfcf8615065f3
R04-006,HIGH,MEDIUM,8120f1c9faf2d65c1db02e91f6f5878e
R04-007,HIGH,MEDIUM,203bdd5111f7350f7afebafa6bfade52
R04-008,HIGH,MEDIUM,114bfea5e504ce4399b1c812af9c5c05
R04-009,MEDIUM,MEDIUM,5c214ccdff99c24071ebb8c4147eb0e5
R04-010,HIGH,HIGH,ccfe93a4ba72d2668999df45f03d799a
R04-011,HIGH,HIGH,811d6405ef129d61634fd771827fb804
R04-012,MEDIUM,MEDIUM,40cb52ba5f20019e9200875d679378fe
R04-013,MEDIUM,MEDIUM,b7251f4b71105f271eead43d029ed5f9
R04-014,MEDIUM,MEDIUM,ea7b8916d81fbdce64ea478c6784c6d2
R04-015,MEDIUM,MEDIUM,08145ecd9a44baca7f2145f51737a221
R04-016,MEDIUM,MEDIUM,42b1d84fda550a7a5e548eebebb123c5
R04-017,MEDIUM,MEDIUM,6f79d707e97e2d109e71dce45c533cba
R04-018,MEDIUM,MEDIUM,38fe7df01ac245019ac841ec0cf61867
R04-019,MEDIUM,MEDIUM,10bc74d1e2f33d7a7df9ea8b74fc5fa4
R04-020,HIGH,MEDIUM,7d53c8ea1c624cd5f5a9ed99be41c1b7
R04-021,MEDIUM,MEDIUM,6a9bb5ece30dc56220b8c1b2c40211fa
R04-022,MEDIUM,MEDIUM,b69f9538cd6f63b38e4d24a586396b60
R04-023,MEDIUM,MEDIUM,da352ef7a9b9c325dc6b39b554f83a56
R04-024,MEDIUM,MEDIUM,ff201202a3850986d02dd8457347a39a
R04-025,MEDIUM,MEDIUM,c42b871bca2774076735267dd6199fd6
R04-026,MEDIUM,MEDIUM,a5b6ee617ce9efc55058e4cf8225717d
R04-027,MEDIUM,MEDIUM,83ec5a05a938af99e542421a004c481f
R04-028,MEDIUM,MEDIUM,dc52c0e569dfc73b777786b35aa748a3
R04-029,MEDIUM,MEDIUM,c5718191a4668e690adbcb5505313fc4
R04-030,MEDIUM,MEDIUM,04c070a2b2c66393ddfaa4c72c248735
R04-031,MEDIUM,MEDIUM,df43ad4c26f8825adf8f38fd10a1c485
R04-032,MEDIUM,MEDIUM,0e777e7954ce396c7dce3c1975f453e3
R04-033,MEDIUM,MEDIUM,d6df8d6b0c597ca6d592a70e111d46c1
R04-034,MEDIUM,MEDIUM,50a28fd590e914acb0cf6508fb109085
R04-035,MEDIUM,MEDIUM,66ecc79e9e916dd2077bc087ba780792
R04-036,MEDIUM,MEDIUM,1f2697de985d48177d02e7fa0423e3b3
R04-037,MEDIUM,MEDIUM,aac14dea882bfb165944b45dea1ba4e3
R04-038,MEDIUM,MEDIUM,961be2cd1d6a387db560afb144d4d14a
R04-039,MEDIUM,HIGH,9f99efdb519a1bd002664ecf696414d6
R04-040,MEDIUM,MEDIUM,7917d95289d2f477c6a132e6f62fdcd8
R04-041,HIGH,HIGH,949923cb57aaeb36f7d48b98cbbada0d
R04-042,MEDIUM,MEDIUM,90616865a26de9e59a77b5f327f14e43
R04-043,HIGH,MEDIUM,e1d52e7ff421c2a3a28cc12dbad0a27c
R04-044,HIGH,MEDIUM,9f2072693bf9b535bc3ee89d6fb25763
R04-045,MEDIUM,MEDIUM,e67b9f9434f8b33b668a0679c9da8f44
R04-046,MEDIUM,MEDIUM,9647dacd6279025376826d05b6157aef
R04-047,MEDIUM,MEDIUM,698535b1f977a09ad18aa5d35d52d1fa
R04-048,MEDIUM,MEDIUM,e9be9738390b3f30eec33829da4abadb
R04-049,MEDIUM,MEDIUM,f3c73bbf65c33bc04875996627d29923
R04-050,MEDIUM,MEDIUM,024e810dca3d849b6ddbc50cab19841e
R04-051,MEDIUM,MEDIUM,a8b12bffb27c24b7be3143d3105225fa
R04-052,HIGH,MEDIUM,78e19b836221d597367e863e2d4a0b4f
R04-053,HIGH,MEDIUM,01bb8dd6f7e23f71e99945601f79194e
R04-054,HIGH,MEDIUM,f893fbd49ca4eb22926e907ffe778330
R04-055,MEDIUM,MEDIUM,1bbd945bcdaf5e6bdb43aa451f6c7901
R04-056,HIGH,MEDIUM,16948646184d31fe59296536af062035
R04-057,MEDIUM,MEDIUM,d63b600c0f47479d39ad4fed7d194d14
R04-058,MEDIUM,MEDIUM,951c372a7d87668a86ed909febeddf36
R04-059,MEDIUM,MEDIUM,077b6a76176841e74c12387adfc10abf
R04-060,MEDIUM,MEDIUM,6f7af30fee2ba0f120511d87a23150b7
R04-061,MEDIUM,MEDIUM,595fb744b8af0cd2d4234b7708760a71
R04-062,MEDIUM,MEDIUM,05bedba1e928bbde6e46237d38a233d4
R04-063,MEDIUM,MEDIUM,66557814f277f87a5d94c105e820cd80
R04-064,HIGH,MEDIUM,fc3db9cb4352de99a3e501118feac609
R04-065,MEDIUM,MEDIUM,bf43e9dac55310e1332c353f032ccc3a
R04-066,MEDIUM,MEDIUM,d121fb670bc3a7284d9c153b6fd00c7b
R04-067,MEDIUM,MEDIUM,f0146c91affbf0cce1e6a61ab2b67498
R04-068,MEDIUM,MEDIUM,cda0371d3248c7367dc8bdedf4f18a8b
R04-069,MEDIUM,MEDIUM,06d10b8f0c3806479e35885bccf3aef7
R04-070,MEDIUM,MEDIUM,4b1dd9b96d040424c96022a6385263c3
R04-071,HIGH,MEDIUM,2ab78b077926092b0b198da818c011de
R04-072,MEDIUM,MEDIUM,9c7f09e8da41c319b2b6ac5d4df3df11
R04-073,MEDIUM,MEDIUM,fc2f6592fe038f3ac92dc939e3f30300
R04-074,MEDIUM,MEDIUM,152084aea8e27512cb790f3f4be3766a
R04-075,MEDIUM,MEDIUM,d8aee877d63e8d6d3f9ec17613111cdf
R04-076,HIGH,MEDIUM,0e90e474b4f01d041e9bb11b17d1fc1b
R04-077,HIGH,MEDIUM,024eb53cb6a327aabe2e84dd5cd9774f
R04-078,HIGH,MEDIUM,78201a3f67609266e37b557c1c764cf1
R04-079,MEDIUM,MEDIUM,dfbdb61bfad96d4df50c22dda2534b90
R04-080,MEDIUM,MEDIUM,cfda3ae73e615b63d4c1c8ebe337e683
R04-081,HIGH,MEDIUM,5d488ed5746ed330d4cf062395f58bfc
R04-082,HIGH,HIGH,99669397e949b74a4c77e0d46f14ae43
R04-083,HIGH,HIGH,b7370c3cf86dce6570adbcea9332632f
R04-084,MEDIUM,MEDIUM,31756c53de4fa4e5996ecc1e9f85820e
R04-085,HIGH,MEDIUM,703eb78d25f930fc581ae52d796773f3
R04-086,MEDIUM,MEDIUM,78af2d32243bb05e00a8ea9d3f72a6c9
R04-087,HIGH,MEDIUM,e79054711cbe52f856436910e4967f34
R04-088,MEDIUM,MEDIUM,742ec8400a12fabdd8893f3d5c850b03
R04-089,MEDIUM,MEDIUM,5071fc29ef421d8742cbdd0876ac5dd2
R04-090,HIGH,HIGH,b007fb9f7cf29eab4f3ea15f711119b9
R04-091,HIGH,HIGH,84ea76014f0d3805f4a9d4db2cd617fa
R04-092,HIGH,HIGH,7cf37f79f05c7b55c365a73d00d1da41
R04-093,HIGH,HIGH,9cd98cee7289f5167f17111d7cafb896
R04-094,MEDIUM,MEDIUM,f954df91c3acc9573e3f805a2dca7179
R04-095,HIGH,HIGH,4d8d6175ede06a904c08893887937021
R04-096,HIGH,HIGH,159e4694e4dbc0a11e5a20e11e99079b
R04-097,HIGH,HIGH,70e4dcc68bf3e5defe1e6c375c1a4347
R04-098,HIGH,HIGH,87d144b6697100b768b233e1ceab6694
R04-099,HIGH,HIGH,4d79cce6a6b38167721776348a490ced
R04-100,HIGH,HIGH,d3dc47315c4340d55669512a10017d62
R04-101,HIGH,HIGH,94abddf98c926799a3327b1ef03a3161
R04-102,HIGH,HIGH,b75cee22aeec87210bcd259d0963eab4
R04-103,HIGH,HIGH,aac2d9dbf182610be866afbc97472546
R04-104,HIGH,HIGH,32b5b46d58a632d8d7f4519effd665f1
R04-105,MEDIUM,MEDIUM,f11169eda7a624f9ce952bd66dd0497d
R04-106,MEDIUM,MEDIUM,5772152d60675485e7ef12eacb5754cf
R04-107,MEDIUM,MEDIUM,1e465a7b218d95e7602a9036b8911d92
R04-108,MEDIUM,MEDIUM,6f1a173936e268b53b1cafaa0823a052
R04-109,MEDIUM,MEDIUM,1f6a30f03ffab427b5b978f63082ac61
R04-110,MEDIUM,MEDIUM,7e389f0a38f440237e63187a0ebfcc9f
R04-111,MEDIUM,MEDIUM,614beb3d950104ea0bfb37a7e001d26d
R04-112,MEDIUM,MEDIUM,d45e61584431d9e526f1a7164bbee1a0
R04-113,MEDIUM,MEDIUM,62277f60a45f602a1bda7f83d17e2f79
R04-114,MEDIUM,MEDIUM,2b659e5d2ae27e32df8231b3474097f2
R04-115,MEDIUM,MEDIUM,d89d658dac5476d70c880c7aee125d5f
R04-116,MEDIUM,MEDIUM,bc5e708afc8faca8b0df3dbaed671b4c
R04-117,MEDIUM,MEDIUM,dc22d754767640e8bf3414b2932d5876
R04-118,HIGH,MEDIUM,df92d8cfa6daa659a84ab62fdb0c2459
R04-119,MEDIUM,MEDIUM,52d5f245da3357e7363077c05e982933
R04-120,MEDIUM,MEDIUM,4275d183d937f654612f213b860638fb
R04-121,MEDIUM,MEDIUM,20b610b2fb6dfd95992faabacd2e6502
R04-122,MEDIUM,MEDIUM,7731dc696d17520214d275d873371603
R04-123,MEDIUM,MEDIUM,16acad47ca9f87daf2516c839a57c694
R04-124,MEDIUM,MEDIUM,8dee2e2385f2cdcd516baa42866a8a1f
R04-125,MEDIUM,MEDIUM,995dc7a082b9dd65c18d733e551e7fbc
R04-126,MEDIUM,MEDIUM,0e95d9d065628cc88eff93aabae501b6
R04-127,MEDIUM,MEDIUM,526a83ac76b08bb715b02c5d64ab3194
R04-128,MEDIUM,MEDIUM,f563f56571b4176e77e49627ae932dd4
R04-129,MEDIUM,MEDIUM,7aac61c271ef22106f5f787c5be6dadd
R04-130,HIGH,MEDIUM,4dd1886e0460986d61eed3eae79684cc
R04-131,HIGH,MEDIUM,53174a33ad08294d37189cdbbf2da416
R04-132,MEDIUM,MEDIUM,583f5d91e97a91d57bad0f40f6dd0963
R04-133,HIGH,MEDIUM,bd0d06469f1e4616bf1913a530798e98
R04-134,MEDIUM,MEDIUM,d3e85e56a97a44f2d316eb6f4f6de40b
R04-135,MEDIUM,MEDIUM,b91f393ce0bb3516b572d97c389655b4
R04-136,MEDIUM,MEDIUM,b59621bc30af229920fc1a912a13f3ea
R04-137,MEDIUM,MEDIUM,1c9e62b9ac731df4b210203a0d8db79f
R04-138,MEDIUM,MEDIUM,86e675573a68aee2185ee875e8efb57f
R04-139,HIGH,MEDIUM,f43c3017b1a0ba46cee65ab895829f80
R04-140,MEDIUM,MEDIUM,9e77e0d02470f39c7ca129b72d5ae9b1
R04-141,HIGH,MEDIUM,a8457586b1a1dd89a223318e451daf4c
R04-142,MEDIUM,MEDIUM,753fb04b5ba16940328edadcae26cb5b
R04-143,MEDIUM,MEDIUM,a0aaaca9d07ff9059e13e764d0f7b2cf
R04-144,MEDIUM,MEDIUM,e0f546be77b72fee89cef99c2782bc7b
R04-145,MEDIUM,MEDIUM,a36443cc8b89dde57ae51318ed8cf1b1
R04-146,MEDIUM,MEDIUM,27124bea0e8cbab40a9ea72e9b7a10d4
R04-147,HIGH,MEDIUM,d556527c5526d638cdb09ed9f690a1b2
R04-148,HIGH,MEDIUM,5fc850aea65599ae0be1cd8372190e67
R04-149,MEDIUM,MEDIUM,3bf1bc07887363e592c9799d31c4de40
R04-150,MEDIUM,MEDIUM,e20384ba851971a06990fef05adfbb7c
R04-151,HIGH,MEDIUM,7b2436166adf38578c29a5a418c9aa43
R04-152,MEDIUM,MEDIUM,509fdab9e770d36cb46fbbd2598fd566
R04-153,MEDIUM,MEDIUM,aaedc02c700c6ce0d306e5274d028955
R04-154,MEDIUM,HIGH,16ca1bb02abcc25bc4312189eed3b5c6
R06-001,MEDIUM,HIGH,3eab2483ce5c748ed5fe65c3b95fab32
R06-002,HIGH,MEDIUM,0ce37bc2b71125e21d12f94bafa097ae
R06-003,HIGH,MEDIUM,24568cb47feee14944707cd2d6986416
R06-004,HIGH,MEDIUM,48f9c70f8c9e73898cf98e099f085262
R06-005,HIGH,MEDIUM,618336a0e4165419451918acdfd656b0
R06-006,HIGH,MEDIUM,6969724225894554ac31cee791d2032c
R06-007,HIGH,MEDIUM,b41ad44a7658586926f510770d8b8e0c
R06-008,HIGH,MEDIUM,3135ca27bdd4bf59859c22e71f054142
R06-009,HIGH,MEDIUM,6761cbb7dd8d8dcd96b29110f7f2de91
R06-010,HIGH,MEDIUM,409c6a2e99f650f971bcfaee79d6fd1c
R07-001,HIGH,MEDIUM,de63df4286b8ca1915e5032f064bb4d4
R07-002,HIGH,MEDIUM,72051d7259b96dce0d656fd282c96255
R07-003,MEDIUM,MEDIUM,e89ed13f6d29422f526b3263010c7c10
R07-004,HIGH,MEDIUM,2c371769e2824c9343823e004aca6338
R07-005,MEDIUM,MEDIUM,ff75d5944df74d882df5ea2251c9297e
R07-006,MEDIUM,MEDIUM,01c775d3b85c64ee1fa050d220fcff28
R07-007,MEDIUM,HIGH,eae5c778080a59f4e7577682e02eb0d3
R07-008,MEDIUM,MEDIUM,8b9c45552ace5b27a0bdd1fd7d9dc142
R08-001,HIGH,MEDIUM,bdb71192d5f09f0d5d22a835dd168c28
R08-002,HIGH,MEDIUM,51303011443e816053858bfbc0280681
R08-003,MEDIUM,HIGH,7295aa4db483a4f1a768fcbaa8643e79
R08-004,HIGH,MEDIUM,0d10014b8606361055a815f96ffaa537
R08-005,MEDIUM,MEDIUM,086bf4e7601eba46a806e362bf10849e
R08-006,MEDIUM,HIGH,56641e936b95b4f60042519c7dacccea
R09-001,HIGH,MEDIUM,cadc888cb50369fae845fddaaede2790
R09-002,MEDIUM,MEDIUM,16ca7bfbb6cae18e75dd43ad266a970c
R09-003,MEDIUM,MEDIUM,6df25d08e13c873ab851eac955c8d516
R09-004,MEDIUM,HIGH,ee2c211a61b80e166a40c7fbde2703b0
R09-005,MEDIUM,MEDIUM,b811e05636f2f45920735063c25ede63
R09-006,MEDIUM,MEDIUM,3e1ca4123dd77c16d1ccc0a5a8989908
R09-007,MEDIUM,HIGH,fad0d6801b4e3c52da99201467048409
R09-008,MEDIUM,MEDIUM,475acbe5bec3e0bdb4305eb4ffa199ca
R09-009,MEDIUM,MEDIUM,6fd2be021275ec7301872bd0c5d9c94e
R09-010,MEDIUM,HIGH,e512727dcd52934e36470d3dfc5c7d69
R09-011,MEDIUM,MEDIUM,6ddaccb975aecaf4c828772f65a215f2
R09-012,MEDIUM,MEDIUM,963c395a5391e54d68f785effbcf0fed
R09-013,MEDIUM,HIGH,702739b707f7e8c363cc59e5299b5e81
R09-014,MEDIUM,MEDIUM,f12b994a8ca2a9a3f4ac522a5a63cdf3
R09-015,MEDIUM,MEDIUM,f397a5fd32d568ca9e2c47d05a990b77
R09-016,MEDIUM,MEDIUM,d9b50eb1398a28cec28777ed33cfc4e8
R09-017,MEDIUM,MEDIUM,b6e249994962a11615e6eee72e8fbb3a
R09-018,MEDIUM,MEDIUM,787f256932a944b91fc7eb36a813b307
R09-019,MEDIUM,HIGH,7a9b65d0e7204ab9a8bf3631c7199afb
R09-020,MEDIUM,MEDIUM,97ed66937fb1925754e64091e9af506f
R09-021,MEDIUM,MEDIUM,bf9d63cfcd2b4a8cbb8f6e29db0db489
R09-022,MEDIUM,MEDIUM,c552d53224f32bff6a77879e5eccf96c
R09-023,MEDIUM,MEDIUM,098ea254f5b54f7e851a93a1693078c6
R09-024,MEDIUM,MEDIUM,6717ed6888b7126c921adab4807ac136
R09-025,MEDIUM,MEDIUM,8f48f2b2a226c7bba4b26083fda0abb5
R09-026,HIGH,MEDIUM,b836ec7107e0091e8fce14e63e13f596
R09-027,HIGH,MEDIUM,762b796127b33bc598dac9e0919dd2ab
R09-028,HIGH,MEDIUM,6e0a79a40951bbd0416b8f899d486fff
R09-029,MEDIUM,MEDIUM,51f9f7a16bad67ee30aa2a68b80c812a
R09-030,MEDIUM,MEDIUM,cc4a58396029ff64cf066204ce1fa48f
R09-031,HIGH,MEDIUM,4da01191618d18d018d3fe583a3e4fa6
R09-032,HIGH,MEDIUM,28fbf917e3de008c21cf045fe4a61d76
R09-033,MEDIUM,MEDIUM,2d490efcb95c2c33d9d958660756b452
R09-034,MEDIUM,MEDIUM,2390bc7c3a9dec99cad8ddee52c06058
R09-035,HIGH,MEDIUM,d01029f95bee4115bc0422a0773cfdd1
R09-036,MEDIUM,MEDIUM,72ba875abd2d889b2cad286c7843fbba
R09-037,HIGH,MEDIUM,0e14e4bbc81460792e37f9313c560c32
R09-038,HIGH,MEDIUM,c02df2a4ddc27dbbe35dd9a913b5f55b
R09-039,HIGH,MEDIUM,0dfc345ceecdb262a5b22f1d26edd822
R09-040,HIGH,MEDIUM,85336bb8c21c3f9c7af25cb63f017e80
R09-041,MEDIUM,MEDIUM,0e0aa747dae28dd7700d0495ee9ebf32
R09-042,MEDIUM,MEDIUM,b1312537be11ae2384005d1c9fcd0fb3
R09-043,MEDIUM,MEDIUM,0fbe83f971862483d4b39d1aa0343903
R09-044,HIGH,MEDIUM,6ee429f97600491756938c6398380d71
R09-045,HIGH,MEDIUM,28b15e941784f8c727efa17d05df8d10
R09-046,HIGH,MEDIUM,02dbe4d8e3502c418293005181320931
R09-047,HIGH,MEDIUM,a5ab087b1adaa1db81f65256f461b59e
R09-048,HIGH,MEDIUM,8ffd6ed6de3c8330aeea20340cac8ad5
R09-049,HIGH,MEDIUM,89cf63705b9e05275d7ec9861d470177
R09-050,MEDIUM,MEDIUM,582d3bf7d4036233a2a0524e269ebbb5
R09-051,HIGH,MEDIUM,f7a4bee598f3a4ffb87a0ac9f8d29f17
R09-052,HIGH,MEDIUM,2eccfb88db2c60779745fac513dfbec1
R09-053,HIGH,MEDIUM,2dd19f96a98686dd9565d16b4a44e6ff
R09-054,HIGH,MEDIUM,3c330b161b98a1607daae8f87bc3802b
R09-055,MEDIUM,MEDIUM,2d11e3233d97351406ce2e574369c3c6
R09-056,HIGH,MEDIUM,df26fb20892a29b1c834d265a7b5c694
R09-057,MEDIUM,MEDIUM,e216736272b4e8db53290ac4f5df82de
R09-058,HIGH,MEDIUM,64186c5f478c78ee48b9904c0dde66fb
R09-059,MEDIUM,MEDIUM,0284c988c8cada218661ca519b7c8151
R09-060,HIGH,MEDIUM,fd1bc55c51b5e191716f0d85ab89fa74
R09-061,MEDIUM,MEDIUM,708d69b72ab81acee4a7fb4d9609b4d4
R09-062,HIGH,MEDIUM,73f61b5b594031171fe3cb1978c7de5c
R09-063,MEDIUM,MEDIUM,57d7c789844e2487898254ddedb1d5fa
R09-064,HIGH,MEDIUM,d4df4ae82fa2caffb5bbabaf6fa15ea5
R09-065,MEDIUM,MEDIUM,10fb888fb6b7027bb643faa0e1fd5fb6
R09-066,MEDIUM,MEDIUM,947d123b83e49ebfb29060bc38f51fcd
R09-067,MEDIUM,MEDIUM,7165f587adbb1b8f1eeb2d44a5ad109d
R09-068,MEDIUM,MEDIUM,970b6cb0fea049b9e9e9264d8a5177a5
R09-069,HIGH,MEDIUM,dbb31e269177c23e189cf64bad7e0e47
R09-070,MEDIUM,MEDIUM,1d5b6e05fd72b7dbe7ef120ed467cd8d
R09-071,MEDIUM,MEDIUM,56bdf32524031c85a97155780d58e332
R09-072,MEDIUM,MEDIUM,3503bb3120109be42cff5f436fd277c2
R09-073,MEDIUM,MEDIUM,80137f866e698b0a499ac646ca728381
R09-074,MEDIUM,MEDIUM,19862aa0f0c5bb078b30cfd0fde42f34
R09-075,HIGH,MEDIUM,a72bd96b7a56bc0558af8f4e832f7d0e
R09-076,HIGH,MEDIUM,1554ef84875088a1f25cd8f1107c8bb4
R09-077,HIGH,MEDIUM,bf701caf8e27cac0319f1e8d93dc823b
R09-078,HIGH,MEDIUM,f87a2bb8fe4c8094f2fe311d472ac292
R09-079,MEDIUM,MEDIUM,49d089d7e1af4cc857c54827b39dc1ea
R09-080,MEDIUM,MEDIUM,5245eea7e7a65cc90df586941365ad9d
R09-081,HIGH,MEDIUM,b490fc178bb91b5e71d1b040fc45837f
R09-082,MEDIUM,MEDIUM,4f0e19c291bb4c23c52ce38a2ddb6f7c
R09-083,HIGH,MEDIUM,7ae8cb4b3838aa78780c6e336a639f5c
R09-084,HIGH,MEDIUM,87d00be59408fb82f07d233b582f2c0c
R09-085,MEDIUM,HIGH,7f12c50ecb804d75b1647d1455d080f7
R09-086,HIGH,MEDIUM,3167614f635afde9f400bdfb22cd7bc7
R09-087,HIGH,MEDIUM,2771d4e65c6dc64bb30a054860701d0b
R09-088,HIGH,MEDIUM,1149723d3120fe516a574b75c807ed5a
R09-089,MEDIUM,MEDIUM,c8fe11a1bbab6b492911448c522d848a
R09-090,MEDIUM,MEDIUM,3722d7f52a38cf91cfb590c3e392c1b2
R09-091,MEDIUM,MEDIUM,b20e5b42d658ef01d0c36d6e563aa908
R09-092,MEDIUM,MEDIUM,a53e4c8c5b8d7c69b60a611b98297246
R10-001,HIGH,HIGH,070db52592bddb3a035d2dcba3bac80b
R10-002,HIGH,MEDIUM,ba32664ef84921f53e9cdea95f8af780
R10-003,MEDIUM,MEDIUM,5af9e9d1e49b4c263fadcf3a1732a33b
R10-004,HIGH,MEDIUM,354193b1c9520454be95bb361d9001af
R10-005,HIGH,MEDIUM,27b0dd2ea3bda1a7453b8c89cb22f85a
R10-006,MEDIUM,MEDIUM,43ca362d30ef8d7ae099242f4804a298
R11-001,MEDIUM,MEDIUM,3244c6df5d53b14750fb4df240efa909
R11-002,MEDIUM,MEDIUM,04262b2729f48e34db427c4cf31aee24
R11-003,MEDIUM,HIGH,5751362972e327f96048e10606d049a7
R13-001,MEDIUM,MEDIUM,795f3b446aed93935dace8f1fcf31a70
R13-002,MEDIUM,MEDIUM,b9d3be33b0a4fe06b4c94bf587f8be43
R13-003,MEDIUM,MEDIUM,c58c48a9117195c74d624d1a9caf07ca
R13-004,MEDIUM,MEDIUM,497f2a4e003fec15a6c130adc4454b25
R13-005,MEDIUM,MEDIUM,4ee1e07227eb45837a8fed0a4e18b4d2
R13-006,HIGH,MEDIUM,de5d445055a87a40ab037c198b94bce5
R13-007,HIGH,MEDIUM,1bdc3613dc98c61ad8fd413166012181
R13-008,MEDIUM,MEDIUM,ccd46e832e7a8f63eda6cdd2b76455fa
R13-009,MEDIUM,MEDIUM,e600aa9179af5e0a715ca01368565850
R13-010,MEDIUM,MEDIUM,39445f7ca7a298c2aa675a440a7b8ba9
R13-011,MEDIUM,MEDIUM,b125f9e85045c24dae160c4258e17d2c
R13-012,HIGH,HIGH,8db701433431f27bea0eeb1f689921e7
R13-013,HIGH,MEDIUM,1edbf74d62044f1fc83e9ef690d5e6bd
R13-014,MEDIUM,MEDIUM,e40c5859b0397af7beb30e73fe5e580a
R13-015,MEDIUM,MEDIUM,64d3facaaeb7f69f222e7bc6bfd1dec8
R13-016,MEDIUM,MEDIUM,6f5648c3fc59b1e652ae2fc200dd9051
R13-017,HIGH,MEDIUM,29697c5c77cdb452a389d39ba84352b6
R14-001,HIGH,MEDIUM,62f2580f3baff8aa29019c7332538641
R14-002,HIGH,HIGH,6147faa1c10d914090dc65539d789eb0
R14-003,HIGH,HIGH,8a3d865668c619c3d708b1cc71d94c95
R14-004,HIGH,HIGH,c11eae51dcc59805b201ae8bd57bcf41
R14-005,HIGH,HIGH,78aff2519c80151bd15ead1e79c1b967
R14-006,HIGH,HIGH,7c1097ec2dd642870e26535bdb39cbe2
R14-007,HIGH,HIGH,005ff54bc3b59a2578f2b145c44baf2b
R14-008,HIGH,HIGH,b6f8b09e938bb7979b398a127d8cea6c
R16-001,HIGH,HIGH,5054123e80a5c1a4e8b72494bb5045d5
R16-002,HIGH,HIGH,8135563996b423db09f993ba6bb8d76e
R16-003,HIGH,HIGH,95322fb8eef8231cfcf61297c2a3fb7b
R16-004,HIGH,HIGH,2cf77cc8a2c428723da4a1826332f63a
R16-005,HIGH,HIGH,3a6804005fb60a89b111a8c5cb707cf7
R16-006,HIGH,HIGH,2f8f47e170d402192f7659c81206c7c2
R16-007,HIGH,HIGH,9db69373228df2a0209d4f41652b2869
R16-008,HIGH,HIGH,1c3e0c3df67761921fdc3a03cb38cad6
R16-009,HIGH,HIGH,be8b4ad3e413d778ad4c41bea8634d3b
R16-010,HIGH,HIGH,742acf74e9644b5d25ab5d4cedf2ff3b
R16-011,HIGH,HIGH,2d8f4cd45ffe9a8536b1721c13ec89b6
R16-012,HIGH,HIGH,20f1abdbba9dd04d88b68834164a9e05
R16-013,HIGH,HIGH,89ba4397110ed0b243a604065814e97d
R16-014,HIGH,HIGH,6fc6bdd4b222f4036af1d336f23d7642
R16-015,HIGH,HIGH,d04a7acabaa2c9acf20e5c58bfc4511f
R16-016,HIGH,HIGH,9272cc64d775e76b0563106c2fa8919d
R16-017,HIGH,HIGH,4e2770a24bc97948f5738374cb85fdbc
R16-018,HIGH,MEDIUM,fef052b39b50de535371acaf777d360c
R16-019,HIGH,MEDIUM,86a9f944ba17f2cbf9548a27ac627fb7
R16-020,HIGH,MEDIUM,505aefcb4d62cf0225ec5943ab67c858
R16-021,HIGH,MEDIUM,783307fad6e6e817144996f151f59344
R16-022,HIGH,MEDIUM,0502b42404e2c73e2cb2162754159ab4
R16-023,HIGH,MEDIUM,412fcb38e1f15b8f292b51a6c1caf8f3
R16-024,HIGH,MEDIUM,8d3b7dd7b4a58bc809b97d972b7f550a
R16-025,HIGH,MEDIUM,8d3302c89256d7d1e900c09edd65eb21
R16-026,HIGH,MEDIUM,8e489a1bd3916926be06109f14a6b46a
R16-027,HIGH,MEDIUM,752801adc339da5dc2c38c31fe45feb0
R16-028,HIGH,MEDIUM,ab6124d4e846790c136f78a3c1ed0e0e
R16-029,HIGH,MEDIUM,744782451b8ed229b5c1dc71ef052e29
R16-030,HIGH,LOW,fb70c20b2c3aad2255e9f1cea9d031af
R16-031,MEDIUM,MEDIUM,b510ce671ebc468883992d4833d1db00
R16-032,MEDIUM,HIGH,131953467238d2dfa0b6111d78cc6e46
R16-033,MEDIUM,MEDIUM,63a08a16db42d3ab884a1491dd5582a4
R16-034,HIGH,MEDIUM,a447c2f96b20f63fbf5fd0891a69e60e
R16-035,HIGH,MEDIUM,52f739c12cc0185a3a77ea5ae34377a4
R16-036,MEDIUM,HIGH,2cbfa6a797fdc2a6e04282eca13de9da
R16-037,MEDIUM,MEDIUM,3ef6364bb3fb2c9be9c0b7df273e6505
R16-038,HIGH,HIGH,7ae96f4cd22be6e7f8db49fb1d4d1770
R16-039,HIGH,HIGH,23fde8f89c39b3e68f96df2287c8ec55
R16-040,HIGH,HIGH,dc44fe0f26f0d22a9975f5e1dd997934
R16-041,HIGH,HIGH,84c7e072f68371e5ee1f473d43a5139b
R16-042,HIGH,HIGH,212b0fc4a4e1f18179a091293a56c465
R16-043,HIGH,HIGH,adb834bf7ff587da1c7bb36a00fdcb1c
R16-044,MEDIUM,MEDIUM,634e5cc938c5becf00430f399dc43666
R16-045,HIGH,HIGH,b56330b42fcd9c11e7035d05cf0696c9
R16-046,MEDIUM,MEDIUM,737fe9080c38cbdd32a0a11a7ca7fd0a
R16-047,HIGH,HIGH,66f20bc58ebf6372e9600a6446a55da9
R16-048,HIGH,HIGH,173a898893ebfc14ad5565b6dd5b5e48
R16-049,HIGH,MEDIUM,d6866b7e581f0d350ce792f733039096
R16-050,HIGH,HIGH,4a343a2dc9065c873b918ec75a4f2ece
R16-051,HIGH,HIGH,d1bfe513e18eaacf07a7c12170ee2552
R16-052,MEDIUM,MEDIUM,c60745e3c1e83d72475e5f8a36a6419b
R16-053,MEDIUM,MEDIUM,9714da6a2c965f89619bc12e79c0973a
R16-054,HIGH,MEDIUM,1cea35fe79c01c4f43ce2e0dc2dc8c80
R16-055,HIGH,MEDIUM,6cdb94134c920e8abd91cec5a44541a9
R16-056,HIGH,LOW,145e469c75fc594ba73f4b41f4558b8a
R16-057,HIGH,LOW,7980dd508e2a5f3b4741d2c6145a50af
R16-058,MEDIUM,HIGH,53df3b6dbed4449494a43cae00ea20cc
R16-059,MEDIUM,HIGH,a051169fd7b8cc1fbb9e8dca72123fd2
R16-060,HIGH,MEDIUM,15f25b528174bcac79344d6a0a07edb4
R16-061,MEDIUM,MEDIUM,17f2754830862fe4752c579438140239
R16-062,MEDIUM,HIGH,0e7eec4481ab2059e924691d19a90e64
R16-063,MEDIUM,HIGH,32f87de376d11036efd0ecd4a8933a51
R16-064,MEDIUM,MEDIUM,ac49bebf0023aa9201c5f192ed29d069
R16-065,HIGH,MEDIUM,30c2d7ddb2a89e642784bb275abcd8f4
R16-066,MEDIUM,MEDIUM,526ffb9c40ab4ebcf178432ba9511520
R16-067,HIGH,HIGH,94210ad28aa18a52a06e9b8e63a9a345
R16-068,MEDIUM,MEDIUM,9afc9aaa60ecf36b131c9456c28b833e
R16-069,HIGH,HIGH,ad51644cca3c80eca1ca9f5745068097
R16-070,MEDIUM,HIGH,5d3e574d591dca82167b30d2181b1657
R16-071,MEDIUM,HIGH,8995b9e5e04eeb50f88dba5433a644da
R16-072,MEDIUM,MEDIUM,2f9531552c46464be6ef472e67d27183
R16-073,MEDIUM,HIGH,2c5a1210d880e11f1a39ecc474c3d3a6
R16-074,MEDIUM,HIGH,901611c84395c8b98c9612952613e85e
R16-075,MEDIUM,HIGH,cb522d2ec65ae7f6e6750a34a2ae4b2a
R16-076,HIGH,MEDIUM,d8010eaca63f3e2ec33f6285651e0613
R16-077,MEDIUM,MEDIUM,01faeb46d09e509eebce30c4815d567c
R16-078,HIGH,LOW,0a110f6d2dab188b00ce035ccfc53058
R16-079,MEDIUM,MEDIUM,7f4e6f1adb6c42e242ae9106af0ee4e2
R16-080,HIGH,MEDIUM,30466437086b524805a66c3dca429083
R16-081,HIGH,MEDIUM,02a623f6984ea4facde264bebaabb318
R16-082,MEDIUM,HIGH,0aca70c6b3abad0098422746422fe320
R17-001,HIGH,HIGH,ba1757d3baf07b04198d3db633fd0632
R17-002,HIGH,HIGH,2a2248fef14e7ff86dc95e32f5e0ed10
R17-003,HIGH,HIGH,aea8cf372ba753cc8820129399f11d7f
R17-004,HIGH,HIGH,7d3fc4fef117543d6584bbb68b0ab775
R17-005,HIGH,HIGH,1d4a5f826197ef903ae18e9608f560bb
R17-006,HIGH,HIGH,57d34b8a715699fadeba01e58005f7d1
R17-007,HIGH,HIGH,74634488188e07a5b521b047bd43e3bc
R17-008,HIGH,HIGH,319328ad35978db26a22a4d33ee5cca8
R17-009,HIGH,MEDIUM,86fdc1b88afec51b733726b1af9ef83b
R17-010,HIGH,MEDIUM,2870907d4f5cfaa3c2ac326bde553ad7
R17-011,HIGH,MEDIUM,1f775131664053ee714dae159ace1a76
R17-012,MEDIUM,HIGH,13ec635f0faa1f4d592ae79639e15c1e
R17-013,HIGH,HIGH,09de65454da93fc2f3ce069e5d25f78b
R17-014,HIGH,MEDIUM,db8e20406cc30a8bc90e4916a377805d
R17-015,HIGH,MEDIUM,6a40b1008a11a00de3b12f9d134108ee
R17-016,HIGH,MEDIUM,ec5cdaf63086d9b3ba75fe3f043be5e5
R17-017,HIGH,HIGH,e53a85113a9b5cf989a5bd6ebb908c87
R17-018,HIGH,HIGH,aa0a988448693eb017fac2f7e8544fd2
R17-019,MEDIUM,MEDIUM,3eaa5ab576ffacddf6ab4e3a2559651c
R17-020,MEDIUM,MEDIUM,631f8f0ddcee83ee2b0e9090427fd0c2
R17-021,MEDIUM,MEDIUM,50b1f1a006249f52954ede4773dc0bc8
R17-022,MEDIUM,MEDIUM,1975007a58388b2f8d1e397ad5897892
R17-023,MEDIUM,MEDIUM,779b5bbd8ba2e32413875823e741c91c
R17-024,MEDIUM,MEDIUM,f0960346b0243d0447959c6e3b9e1c36
R17-025,MEDIUM,MEDIUM,61be3728b928c41421eb647b8f3ae953
R17-026,MEDIUM,MEDIUM,3139494c354b0da851edf8e17439c261
R17-027,MEDIUM,MEDIUM,20a5f09ed5008df3df0bf404602e7db0
R17-028,MEDIUM,MEDIUM,268bce5ca4b24432adb53a1d7d105985
R17-029,MEDIUM,MEDIUM,e4af228cbdedf819f11822336bd6367b
R17-030,HIGH,LOW,3c907e184dbe140ece79074e44608a78
R17-031,HIGH,MEDIUM,f061af0dae5ca64ba624789599cec9a3
R17-032,MEDIUM,MEDIUM,84b9e66c6dc0b30ff1c1c9d48e80fd02
R17-033,HIGH,MEDIUM,6fd15e1b46c560ddb3fb42dfbf5d5e75
R17-034,MEDIUM,MEDIUM,612edf259c06e3f4318967051db481fe
R17-035,HIGH,MEDIUM,409224c19bc13f0ed7035a4ca434a176
R17-036,HIGH,LOW,04d25a1a22c78f0bc9f9f1fe7eec5132
R17-037,MEDIUM,HIGH,1048436c56de930a240bb821c61ca429
R17-038,HIGH,LOW,abc180b012d3da57071e361e1a0926db
R17-039,MEDIUM,MEDIUM,58048f1d857da6cdf2d518f52c52ec9c
R17-040,MEDIUM,HIGH,e99bb6701fb83360c6b9fe8fed4c45f3
R17-041,MEDIUM,HIGH,f1b5f7b5114db0013e7e4621928d1882
R17-042,MEDIUM,MEDIUM,05ac2fcda8e402f76a504f4accc4b84e
R17-043,MEDIUM,MEDIUM,9302b1e4a282b27b0f1533b99a364abe
R17-044,MEDIUM,MEDIUM,73d857ee1e146d084f443c8eb25ff9d1
R17-045,MEDIUM,HIGH,15191939547729180ad25faceacc6917
R17-046,MEDIUM,MEDIUM,64345bdebe7bc87d658c5f6f9f1af0c1
R17-047,MEDIUM,MEDIUM,ae51cfebc16507737daf1e439c400626
R17-048,MEDIUM,MEDIUM,61cc5e62e20694a81d8fc6a9ba535b4e
R17-049,MEDIUM,HIGH,17a643fb59f4ba66e7bf67e343709659
R17-050,MEDIUM,MEDIUM,f55087859a8fb8e0e3a620661be61b13
R17-051,MEDIUM,MEDIUM,382849cede2e183f3e6e2378d18b70f7
R17-052,MEDIUM,HIGH,9661a775c1ba594a97c2df011ea8ecb9
R17-053,MEDIUM,MEDIUM,0e91927ad4b1364e68af763329a699f8
R17-054,MEDIUM,MEDIUM,297b72999986ca2658c17dbda056b1e2
R17-055,MEDIUM,HIGH,ecc42f82c2c1b967d37d8a166df06781
R17-056,MEDIUM,MEDIUM,f01fddbf8baf03528c36c472a23de289
R17-057,MEDIUM,MEDIUM,ac6e743126e3b6b2d33894d2c7748035
R17-058,MEDIUM,MEDIUM,e632d619a402d91b0d8dfbb1de1faafc
R17-059,MEDIUM,MEDIUM,900de3ca5195b4270a03c4eaf03e2582
R17-060,MEDIUM,MEDIUM,23a2256ecb851595ff71428d96edf127
R17-061,MEDIUM,HIGH,8f7b76fa8c49f972e4b8f70f3c9bafc4
R17-062,MEDIUM,MEDIUM,09fc3a8f3e4eca57c62dbdfae4347514
R17-063,MEDIUM,MEDIUM,8a0075bb9af3d1310ece14c7d45d5de2
R17-064,MEDIUM,MEDIUM,7649d00474b702d8ea58c5d8142ba54d
R17-065,MEDIUM,HIGH,b4f7da35187a1a9ba0ee191974251eb9
R17-066,MEDIUM,MEDIUM,eb2fc07252a63ab8bd0cf44b4b6695bc
R17-067,MEDIUM,MEDIUM,395a884670795af3c54b3a0dd1947231
R17-068,MEDIUM,MEDIUM,f929c58b43107820b94e2ef7c1e0495a
R17-069,MEDIUM,HIGH,8f6ca2b04e7f68cfc6bc5a70d7583e18
R17-070,MEDIUM,MEDIUM,68decd84635a73be13d022079e603515
R17-071,MEDIUM,MEDIUM,353f51ca93a5cc8f413274c1cb3a9691
R17-072,MEDIUM,HIGH,fe3923b08b443e9058df1a6afda944c1
R17-073,MEDIUM,MEDIUM,ed36278f0c5cc0cee5937fcbd997dece
R17-074,MEDIUM,MEDIUM,453cde01d106b842bc2705fbf2ee8b54
R17-075,MEDIUM,HIGH,e62d241d58fbefe5a64adc9fbb61fdce
R17-076,MEDIUM,MEDIUM,0de85511a326975de0abe5a6f978ef38
R17-077,MEDIUM,MEDIUM,72ffc22cf1a8fc5a89c9495c13e17ec9
R17-078,MEDIUM,MEDIUM,b4542a112b33527d5ec036aa3f9cd5a7
R17-079,MEDIUM,HIGH,34d23fed7af7fb23139e08be6de97c93
R17-080,MEDIUM,MEDIUM,cc25f7605137611b02c5bb053a5f9afd
R17-081,MEDIUM,MEDIUM,2e8cf8306655867d8c672213f94c3503
R17-082,MEDIUM,MEDIUM,eff1100482ba91fb04de372e9474377d
R17-083,MEDIUM,HIGH,8c8138b88bb149277644afd95ca95a67
R17-084,MEDIUM,MEDIUM,5e25e2f95f0ee7a6bf8006fd25d069cc
R17-085,MEDIUM,MEDIUM,91452f2942f9eda7e287b04914081975
R17-086,MEDIUM,MEDIUM,c1251315f85e0f7092678dd938ab7d52
R17-087,MEDIUM,MEDIUM,3cdcd929fa660d3de31ba6fe74fa3aba
R17-088,MEDIUM,MEDIUM,fb93b8a1ef4b11f1df7256ef2fe31b82
R17-089,MEDIUM,MEDIUM,7bbdad2a03fd618337843e1bbf72c6cc
R17-090,MEDIUM,MEDIUM,5336e43493def0b5fd6fe2cd3faa9c6a
R17-091,MEDIUM,MEDIUM,b365b9bac0f8453e0f07272c6b94b599
R17-092,MEDIUM,MEDIUM,e6e1610e614e820b431a16248b2b98a3
R17-093,HIGH,HIGH,de1463e955cfd7cc0e79c59e60698b67
R17-094,MEDIUM,MEDIUM,c428aced3ffa4614d2a9d943c1403f77
R17-095,HIGH,HIGH,c8d53cac42380acb83e1524599be4656
R17-096,MEDIUM,MEDIUM,a4383bba2e613c5bb42223a625e89e90
R17-097,HIGH,HIGH,9087326c7a9baad657fedcdcb2ce8fd5
R17-098,HIGH,HIGH,b30dc79320a1acb8fc59d961e4aef484
R17-099,HIGH,MEDIUM,f76e64dcf9af69ff62328a9d73d19b80
R17-100,HIGH,MEDIUM,56c946b862f2731c0123bff665a0a806
R17-101,HIGH,MEDIUM,082f6c450fc2d7cef1d87e07b14d40cf
R17-102,MEDIUM,MEDIUM,4517a776e0568d41863f77fdc3cdd640
R17-103,HIGH,HIGH,8394574e88382b0a2fcc42ada854da15
R17-104,HIGH,HIGH,887dba8d1aa381b705059067752da585
R17-105,MEDIUM,MEDIUM,df156649f0ddc58b96fe750ddc85b709
R17-106,HIGH,HIGH,de1195cd0be29d038413592b6fc6cd72
R17-107,MEDIUM,MEDIUM,28101d708f2819ad27b0493db070668a
R17-108,HIGH,HIGH,dd2e76018cb2a2f050700b3c2809c17d
R17-109,HIGH,HIGH,ecf0fa6f338824168ab490566022b372
R17-110,MEDIUM,HIGH,8cf5162426c3762dbc02f86651cdb973
R17-111,MEDIUM,MEDIUM,cab1f508b14b24bb2336d258c341f639
R17-112,HIGH,HIGH,d299e1f2e5fe6de7b1930db87e91e4e4
R17-113,MEDIUM,MEDIUM,b7718c2b950929af4af1fdfbb520a590
R17-114,MEDIUM,MEDIUM,eac10d3c9105de432aa2615570f683c2
R17-115,HIGH,MEDIUM,6078fc2a242ebc33d94a09ad40441470
R17-116,HIGH,LOW,0dfcf1f1032adf37f641f34304acbf98
R17-117,MEDIUM,MEDIUM,fee6b87555cbba7965f37aae2d6fb831
R17-118,HIGH,HIGH,8ffea28a871d590b425b317992ab903d
R17-119,HIGH,MEDIUM,905e6c512b873b9d200bf5a149bdedbb
R17-120,MEDIUM,MEDIUM,3b66787e840c83429da94232233b830a
R17-121,MEDIUM,MEDIUM,68ac9b107bea063ece8c60a7b638ea03
R17-122,HIGH,HIGH,72100c0847e44d330fb5d74b8eec5897
R17-123,MEDIUM,MEDIUM,d964527fdd4ac7eb6883e3fc6fe70234
R17-124,HIGH,HIGH,1ea64178a01300546a68b325cb38824d
R17-125,MEDIUM,MEDIUM,47858b65c9bf8be8317c3dac6204ec1c
R17-126,MEDIUM,MEDIUM,2cd63212685520e2b47f456f2abdd3a3
R17-127,MEDIUM,HIGH,8fc57afb200f558977b62699c10234e3
R17-128,HIGH,HIGH,59b3871db7e94fbc275970502734e080
R17-129,MEDIUM,MEDIUM,5cf6b5b777b42e97e9487b8014a37d03
R17-130,HIGH,MEDIUM,efbb5dfe1c45cf8f031bbb4961a65672
R17-131,MEDIUM,MEDIUM,e5dfd083092b563140bbcf355694014d
R17-132,HIGH,MEDIUM,697e6ec3ef6d5ce98dabb1e8ab92103e
R17-133,HIGH,MEDIUM,1a0a6ecd4437488da156e88ebc6801f0
R17-134,HIGH,MEDIUM,972540bd42a6cec98e6179e612b11dd8
R17-135,HIGH,MEDIUM,e4af25989c29c9c8c3fe844e99f8b834
R17-136,MEDIUM,MEDIUM,3510498b31b484e1bedaa209b4973b72
R17-137,MEDIUM,MEDIUM,8ee361868b2783feef794b9d7d60a37c
R17-138,MEDIUM,MEDIUM,278c59a5d6cd6b83243a8fa795a805d1
R17-139,MEDIUM,MEDIUM,cfe330750d83aa2e50f117c0295166fb
R17-140,MEDIUM,MEDIUM,90c5fa22801fc47c258cb7737d4f72d6
R17-141,MEDIUM,HIGH,20b6cde24252e2c75a40c6715c29c9fb
R17-142,MEDIUM,MEDIUM,0fefdc02a8fd092fffcccd8a8a656825
R17-143,MEDIUM,MEDIUM,29c82f0b2b2ef17c73d86ae92260df35
R17-144,HIGH,MEDIUM,8a95819119c95f266ea02db3af0dd0eb
R17-145,HIGH,LOW,db0077f2438198fe94a43c91cc878ae6
R17-146,HIGH,LOW,1d30e4faf5bb8e4906bf64c3b406ac67
R17-147,HIGH,LOW,1026bbf226367b33e9febcd40e446af9
R17-148,HIGH,LOW,338216498e7f41cc728e5dd3481e9214
R17-149,HIGH,LOW,533d95b8b14dee6cc4308ca973ff5608
R17-150,HIGH,LOW,3560f884a6623e8c74f9db02d63b12c3
R17-151,HIGH,LOW,b1079a990a631fb2e9741944d3af318f
R17-152,HIGH,LOW,ce63f5f1c24d813ec844e7aa0b339881
R17-153,HIGH,LOW,109d4dbb69ca8ba7f724b987180cdbfe
R17-154,HIGH,LOW,9b3f9ab826edf92c28738b358b9a7c6c
R17-155,HIGH,LOW,fabbd41b6912c40e944aed18a92fed05
R17-156,HIGH,LOW,a31479da5ae3c8f634f748f21a5e8835
R18-001,MEDIUM,MEDIUM,9eb256e4b5ab22a84668a6862563d13f
R18-002,MEDIUM,MEDIUM,420200edef023e4907bdd1831034b8df
R18-003,MEDIUM,MEDIUM,fa64ffd938a4d0ac4b5fbb325cb4fd62
R18-004,MEDIUM,MEDIUM,541a79762b095771cb6be4422ac614f8
R18-005,MEDIUM,MEDIUM,8aaba831fd0f8e9f8d503bef16218c44
R18-006,MEDIUM,MEDIUM,36b0ef1e536413e20e641e2849d16516
R18-007,HIGH,MEDIUM,2f41b4cf9bbe42ab69a9673a4de08ff0
R18-008,HIGH,MEDIUM,53a130da180a3ee043141a52842dd549
R18-009,MEDIUM,MEDIUM,cbbd353a2379548b5206c82d6dbc4cf0
R18-010,MEDIUM,MEDIUM,e2e47453af91c748fce300a9d2a00343
R18-011,MEDIUM,MEDIUM,7dce4600da9c00768bec88ff1a1bf09b
R18-012,MEDIUM,MEDIUM,d600f663d552b58f5fd52d802342a33e
R18-013,MEDIUM,MEDIUM,1cc93bf59f02107350d8cebb2cea5732
R18-014,MEDIUM,MEDIUM,18259f40d27ef6d79551ed4d6a7b591a
R18-015,MEDIUM,MEDIUM,7ed142ab11fe56a17cdfa4de49318062
R18-016,MEDIUM,MEDIUM,59ba5789833a9292443d26b8812238fc
R18-017,MEDIUM,MEDIUM,1487b70b9ce0be8c80b4c0b669eedc6b
R18-018,MEDIUM,MEDIUM,f2d5b12b2a0df63053004ad7cc3f949a
R18-019,MEDIUM,MEDIUM,d5c8b98b0f379574ee6366691dbbebae
R18-020,MEDIUM,MEDIUM,6f47d15117076f96c5192d7243215ec0
R18-021,MEDIUM,MEDIUM,0fa7111c9b431b70543919bfa5589881
R18-022,MEDIUM,MEDIUM,b3e5b3ffc8cdc0776bd0863a39ac3a73
R18-023,MEDIUM,MEDIUM,3b10e98177c43a4d0301cf15d61879b1
R18-024,MEDIUM,HIGH,73ccb4445339c9df9b6ff27d0851b210
R18-025,MEDIUM,MEDIUM,95f93adc3c773b7989f21812e57fb95a
R18-026,MEDIUM,HIGH,bcdc3fd58b2019075b3c6f99398f88f6
R18-027,MEDIUM,MEDIUM,5712445598e1d219d07caa5347b3245b
R18-028,MEDIUM,MEDIUM,32df590f887f94fdac379783d88ab81a
R18-029,MEDIUM,HIGH,f025f6d82710689f713b29fee11599fb
R18-030,MEDIUM,MEDIUM,9c463c1fe606c32476f99b3187f72506
R18-031,MEDIUM,HIGH,a1aa3377ba91130af6f3e857f3b8c9b3
R18-032,MEDIUM,MEDIUM,f9a2f49eade77be70890b8268323b0df
R18-033,MEDIUM,MEDIUM,5bdc2411ff60dcae017c53a9da8597d8
R18-034,MEDIUM,MEDIUM,9c48be7a1a8bcf7c5287b6069f1f835a
R18-035,MEDIUM,MEDIUM,6f5b753a853393d32a4e384a761cdb9d
R18-036,MEDIUM,MEDIUM,77ce6c85f1e4b3b85db005c66d1f0511
R18-037,HIGH,MEDIUM,51631f533dc1fc0ed709c9da52148c69
R18-038,MEDIUM,MEDIUM,84969c096d171f01b8a48d76f1235407
R18-039,MEDIUM,MEDIUM,9a377803f056d0ae27e114eacd32bfc4
R18-040,HIGH,MEDIUM,def1e35a0ce121b00f147ccf9b41c4ad
R18-041,HIGH,MEDIUM,d9bf181312258206b8510b4e0de39e54
R18-042,HIGH,MEDIUM,bd253beae9703d4d6ca345a8264263a8
R18-043,MEDIUM,MEDIUM,95e11110a5ef6df826d0cd1335ca3253
R18-044,HIGH,MEDIUM,c0f8efc4324d44651ad75a41b083aa4b
R18-045,MEDIUM,MEDIUM,23db81b242de324489274e7993a653db
R18-046,MEDIUM,MEDIUM,178ea599e9ffeb4fe371e2810e376cf5
R18-047,MEDIUM,MEDIUM,14fc2a246db62ae9c14f7cef43548f74
R18-048,MEDIUM,MEDIUM,92b1511332c2e9a412d9d52389af636a
R18-049,MEDIUM,MEDIUM,63b9fd8655b1334bca14b7020e597263
R18-050,MEDIUM,MEDIUM,5101e47dfe5fe647d45ba6ebe50082d8
R18-051,MEDIUM,MEDIUM,ba76439f7c41fcf74ce8b334850fc309
R18-052,MEDIUM,MEDIUM,d5cf892bab2deedb6bf0be3f5609f3ad
R18-053,MEDIUM,MEDIUM,887afd7e132776782281743dd2043555
R18-054,MEDIUM,MEDIUM,dd14addf32b89180d7bf68dc29b5dc28
R18-055,MEDIUM,HIGH,1f41677fdf8f47577de21a8981458153
R18-056,MEDIUM,MEDIUM,1a05d60d1a8454676a2bb4f49525f41f
R18-057,HIGH,MEDIUM,6dce810a7cccda594025d3512cdbdd60
R18-058,MEDIUM,MEDIUM,ff75e5d14fd56362b119c12b3fc82357
R18-059,MEDIUM,HIGH,4b3e9c33aea0f3ce71cd735b50a5399e
R18-060,MEDIUM,MEDIUM,266382cf57301381fdee68041e19cccf
R18-061,HIGH,MEDIUM,9cb2ba7a30e3ff94c7613e030a546622
R18-062,MEDIUM,MEDIUM,34913477ccae82c319c9c6a3a0cd90b6
R18-063,MEDIUM,MEDIUM,b434dbb58fe6f0269111af191f05e972
R18-064,MEDIUM,MEDIUM,2ba4c222bf72c53de646b9555383d390
R18-065,MEDIUM,MEDIUM,bbdfa332c051121f0fede6981b95a18b
R18-066,HIGH,MEDIUM,5309ce0066fefbdf41ff561533e5211a
R18-067,MEDIUM,MEDIUM,f939d9fca64073ba05139256d5359d92
R18-068,MEDIUM,MEDIUM,9073151a48c33fe65e359814ee191365
R18-069,MEDIUM,MEDIUM,911b032d29d07df2c9e2683965c143dc
R18-070,MEDIUM,MEDIUM,6430c1636138168e358073dbec2eb383
R18-071,MEDIUM,MEDIUM,a558be4e05d24defc8bc162d0a8106c6
R18-072,MEDIUM,MEDIUM,ff1ec983d51affe692ecc3ae28aa1856
R18-073,MEDIUM,MEDIUM,2e3453810ebc5a1ea6d8ae8a1facf253
R18-074,MEDIUM,MEDIUM,1528217f648f71522f2d8579d1f9b010
R18-075,MEDIUM,MEDIUM,6154f5b6a368e54f318fd02002710929
R18-076,MEDIUM,MEDIUM,3754a69afcdca0dc3cdf255b6646c177
R18-077,HIGH,MEDIUM,df3537e206688b5cba1a15f90c943650
R18-078,MEDIUM,MEDIUM,0fe8edfabd1dc8ee267e78bd3fe0654f
R18-079,MEDIUM,MEDIUM,b2f5f7c0a488c00794108af54942b560
R18-080,MEDIUM,HIGH,08cb6d371cf6b7a3a6bc4ad1d8e1e93f
R18-081,HIGH,LOW,e8650c57da7dc5c7e896de4749ced893
R18-082,MEDIUM,MEDIUM,e1f634f22ad66970dec4a1a89de373b9
R18-083,MEDIUM,MEDIUM,282c649f92691d33e487cc65fe98abae
R18-084,MEDIUM,MEDIUM,87aabd303e75d2c994cf9b71f0bc9aa4
R18-085,MEDIUM,MEDIUM,8692cf21e6451c26142124e0cc0a006d
R18-086,MEDIUM,MEDIUM,84c63e22fc65843820114fb9de082c2e
R18-087,MEDIUM,MEDIUM,37cfccd2b5794bdf18730eecc50bedee
R18-088,MEDIUM,MEDIUM,7997a1879d432baa505a429df4d86d92
R18-089,HIGH,MEDIUM,70f69e16605bc0c096efecc2c744ecce
R18-090,MEDIUM,MEDIUM,8ebd6fa27e90ee8829db0b6c3185eca6
R18-091,MEDIUM,MEDIUM,b53afd7c7c8b3bc4a5abaa3d48ea7d21
R18-092,HIGH,MEDIUM,07dd411cbec3502b30d18c1f5833bb12
R18-093,MEDIUM,MEDIUM,0c54ae7beb6e228c488703a3313fddee
R18-094,MEDIUM,MEDIUM,058ec88c66f78d31693456b1cc4dc559
R18-095,MEDIUM,MEDIUM,44b55ef37d4f1e8d59834a8a527efa7b
R18-096,MEDIUM,MEDIUM,eb0cf7a3e28c5a802796efb8ab5b617b
R18-097,MEDIUM,MEDIUM,3b9d42b0aee509acb16a03ec1fd301c7
R18-098,MEDIUM,MEDIUM,9e9d6f5a07b8e6591ac419b459b4912a
R18-099,MEDIUM,MEDIUM,96d07b8efc22700bcd27a0ab250a9456
R18-100,MEDIUM,MEDIUM,212fb5631c3d33a13b278bd0ac1c73f5
R18-101,MEDIUM,MEDIUM,e550867fd2502bb4fab49dcaa6a49c9b
R18-102,MEDIUM,MEDIUM,5f7f754bdbfcfea0d97c40878888a4ab
R18-103,MEDIUM,MEDIUM,423059a7139c0dc38da7e5b490cd50be
R18-104,MEDIUM,MEDIUM,22b6d4439888c94c8c6a6028c4f8e956
R18-105,MEDIUM,MEDIUM,2e195a9a611d40ed86fffb8a6ab5b6f0
R18-106,HIGH,MEDIUM,128b5ca212f3713f6a1b71dc69f0f0ec
R18-107,MEDIUM,MEDIUM,bec8c2410e4e9e9a9958c02af5a132f0
R18-108,MEDIUM,MEDIUM,756abaed52f3c6d451bf7142f11e8225
R18-109,HIGH,MEDIUM,8135810a76de4ff1e61e96f8fb5787d3
R18-110,MEDIUM,MEDIUM,4ab2daf68e812f11ac81b86207e6fc49
R18-111,MEDIUM,MEDIUM,abf06eec8d93c84c4a1209dd97534d4c
R18-112,MEDIUM,MEDIUM,1376a11b2f838829b0de74d7d79f61de
R18-113,MEDIUM,MEDIUM,48b7769d24822dc96fe2fbeaf36221e0
R18-114,MEDIUM,MEDIUM,6590f310b4c0f7cbbb4f57f4c919ca1a
R18-115,HIGH,MEDIUM,109383b1fc19ec329e9c269da8a901c7
R18-116,MEDIUM,MEDIUM,a889669385b84d84e31f2eb549981c3a
R18-117,HIGH,HIGH,a76c804e76ff9c56d35bf47912c9445e
R18-118,HIGH,HIGH,fae6fee98f1d6562c99ec732da3708ae
R18-119,MEDIUM,MEDIUM,8ed6b624f853669ca818b297d1f9c820
R18-120,HIGH,LOW,743dce8d790a3e3aede171cda0e524ef
R18-121,MEDIUM,MEDIUM,1e352e52a908757994b48f280fa623a7
R18-122,MEDIUM,MEDIUM,1ff335ff2185070d5295a13509aa4c65
R18-123,MEDIUM,MEDIUM,7862eebd3717b7187f1eb5dc7d9b9bfb
R18-124,HIGH,HIGH,4158f1759ba67153959fc69d36493e49
R18-125,HIGH,HIGH,058bda7f580e21a7c1eeaa46f865cae0
R18-126,HIGH,HIGH,a2093e63b5c018f13fc2172f776181c6
R18-127,MEDIUM,MEDIUM,47bab300f200e68e956082d4308b5a28
R18-128,MEDIUM,MEDIUM,82e1dd97970ef5d7097619b393ad25d5
R18-129,MEDIUM,MEDIUM,1a55cc3d871b42c52966a3bc2f443ff1
R18-130,MEDIUM,MEDIUM,fe462bc32e8d28292dd3fb36de221591
R18-131,MEDIUM,MEDIUM,c928fbb31c1aff91b8443e3035aa6db9
R18-132,HIGH,MEDIUM,8681b3c47bfb228e3d1fda355aa4690e
R18-133,HIGH,MEDIUM,26b77b236dbbb7b6e76546d8729ba14e
R18-134,HIGH,MEDIUM,e357448677ce074a0e0d9a5918859827
R20-001,HIGH,MEDIUM,b6bd710522b3fd1231e6cc95c6cc42d6
R20-002,HIGH,MEDIUM,cbd3312156ecde136a032b9274d9f197
R20-003,HIGH,MEDIUM,08cedbbb8d64176f7239c2585afd9257
R20-004,HIGH,MEDIUM,8f1839e9c7cc2c914150ae88d73dcfd9
R21-001,MEDIUM,MEDIUM,f25dd9a20d4584dda41e8f2eb774d54d
R21-002,MEDIUM,MEDIUM,72ec78e910cc7a25049d8e7c68af3180
R21-003,MEDIUM,MEDIUM,5c8f6af82136bcb67f53a2230c40bae5
R21-004,MEDIUM,MEDIUM,c9e2325baf4671cc08ff7fdef5dea088
R21-005,MEDIUM,MEDIUM,10768cc12187e44fa3548afbd9d2ef5e
R21-006,MEDIUM,MEDIUM,50c8064fdfd0a4fc7f20f5b5eef6f892
R21-007,HIGH,MEDIUM,daadf34dcad186986dd00e669e85446a
R21-008,HIGH,MEDIUM,721ab210988eb9c5f0bd7cf11523497e
R21-009,MEDIUM,MEDIUM,75fcdddfd882af830ca5539e1a3e026b
R21-010,HIGH,MEDIUM,611e44160e05c35d69d975fcf9012069
R21-011,MEDIUM,MEDIUM,ddc0bac6c17647e2f888cc872cb93d2c
R21-012,MEDIUM,MEDIUM,17ba281e5dc4b6700027dab82d8631f1
R21-013,HIGH,MEDIUM,cbc036426a14d36393f9c44f533362eb
R21-014,MEDIUM,MEDIUM,731ff35843a5434b98a8c4e89e193a92
R21-015,HIGH,MEDIUM,4b82887b3360f0869129984dc01685b0
R21-016,MEDIUM,MEDIUM,6c46d2724ab14481507df017b0d06272
R21-017,HIGH,MEDIUM,571787150643b6697e6ccfd4b674ee5c
R21-018,HIGH,MEDIUM,ef1779e0288a672c2387d7d8fc7f7d06
R21-019,MEDIUM,MEDIUM,664c4acf2fe67ee51650cd7e3af24f43
R21-020,MEDIUM,HIGH,0b00307f2ec1c5a2d7b18761040eb812
R21-021,HIGH,MEDIUM,0c8ef917637d7808b968bd6347e069c9
R21-022,MEDIUM,MEDIUM,1756ba970dc4a68d486bf62fc0deada5
R21-023,HIGH,MEDIUM,31704d199fc54f5f865785628f71840f
R21-024,MEDIUM,MEDIUM,8231dcc22d1941a242d4a76740bcfbf1
R21-025,MEDIUM,MEDIUM,0bbac537fbb310164767b1fb70a27eb7
R21-026,MEDIUM,HIGH,dbd0c84f4e219aa9ec556429bd965657
R21-027,MEDIUM,MEDIUM,38442a8b7f551c78035d9d1a5f40546c
R21-028,MEDIUM,MEDIUM,813e16bddbf26d13f6321dfb11a3fa41
R21-029,MEDIUM,MEDIUM,21c70d124acc34a09ce095f8aca08447
R21-030,HIGH,MEDIUM,0312f1c59dadd8698cfc394f063c5330
R21-031,HIGH,MEDIUM,3a337999662dc029cdefe9e492c6fd25
R21-032,HIGH,MEDIUM,2ae6cecf6b482308cf135a1ec0de07a0
R21-033,HIGH,MEDIUM,615f1f90892ddd200e4175585b1071d1
R21-034,HIGH,MEDIUM,37e94276e52d7c11577f9d89a3c37762
R21-035,HIGH,MEDIUM,084b0d5d7dc77c9ea59452b66ab2d3f6
R21-036,MEDIUM,HIGH,e3be36ef95c080216492c2f0ee76c139
R23-001,HIGH,MEDIUM,5a2ca5388753a5868cc0b0bf28a899dc
R23-002,MEDIUM,MEDIUM,46becbc9e923744167bec2e75329e879
R23-003,MEDIUM,HIGH,3aa6429952d70f22546ced792fb781c2
R23-004,MEDIUM,MEDIUM,2472e650100ce7d105c1280510c127a0
R23-005,MEDIUM,MEDIUM,2bc2c9e0d846277e3680380d0de76278
R23-006,MEDIUM,MEDIUM,ef80f3a7423102db1ff70be3689b7199
R23-007,MEDIUM,MEDIUM,59f9a6b80fab2e30659c0aadb8914388
R23-008,HIGH,LOW,74c76df5eba7249d9072895d74bfa42b
R23-009,MEDIUM,HIGH,53df3b6dbed4449494a43cae00ea20cc
R23-010,MEDIUM,MEDIUM,e7ce24aeddbc43915d06341150a1911e
R23-011,MEDIUM,MEDIUM,2e79760b87c87c6b0dea2236dcdaf05e
R23-012,HIGH,MEDIUM,a596cba8d7dfbd6038ac87de60a0a0dd
R23-013,HIGH,MEDIUM,3e6241c5440b08bd78b9719e95000f9b
R23-014,HIGH,MEDIUM,2a63fffdf4d9263e94392463b4b7af7a
R23-015,HIGH,MEDIUM,2240fbd73eab53b7b9ead42542cd7408
R23-016,MEDIUM,MEDIUM,83383184a54127565ef18039cd6dc8c5
R23-017,MEDIUM,MEDIUM,c6aac9af8f79eacf89d87c01da952d9f
R24-001,MEDIUM,MEDIUM,0e0085551e4e7cd6a8341a65f2d630e5
R24-002,HIGH,MEDIUM,c0c2df38ff9cd59a9f594985fd51dc43
R24-003,MEDIUM,MEDIUM,2c57485ee971011cdaed7cd7c4f69601
R24-004,MEDIUM,MEDIUM,0434d189a292915b674815ea40344a4f
R24-005,MEDIUM,MEDIUM,36df33fbccd98b8dbc07a69a836bf881
R24-006,MEDIUM,MEDIUM,8f776539f0649bfe9c371aeea7ea16a0
R24-007,MEDIUM,MEDIUM,ac36e7a3a024028f194ef2da5027f7c1
R24-008,MEDIUM,MEDIUM,41dc768dd25b27172fd7b2d26e1a52e8
R24-009,MEDIUM,MEDIUM,77ad36cd3eed9f5b362e548aef00a32b
R24-010,MEDIUM,MEDIUM,54a9b63d0b145bb21099dbf0f10de622
R24-011,MEDIUM,MEDIUM,af7bc4e9d7acd5cc89e4b2fc5b0a288c
R24-012,MEDIUM,MEDIUM,c69419cd0a191a8abd142e2c59a63eff
R24-013,MEDIUM,MEDIUM,9c37d64f619f00313f05ad54588f6a82
R24-014,MEDIUM,MEDIUM,9d528270fd8492010cd6a60df95de2a9
R24-015,MEDIUM,MEDIUM,568e40823c5ec2a70d3e23d794ed2e8b
R24-016,MEDIUM,MEDIUM,a9ff6237d0d0ea3bc35ea512edeb526b
R24-017,MEDIUM,MEDIUM,090f3abd713bd5b2b08df2fb99a627bd
R24-018,MEDIUM,MEDIUM,906a2a0b9abad2cc6c1279f6e29eef28
R26-001,HIGH,LOW,fae67ef708d8da947a696b818fcc4177
R26-002,HIGH,LOW,f7a15c4d7aaa35145c86c70e0265e1c3
R26-003,MEDIUM,HIGH,db386222be30c346dcc5c12c76a342d1
R26-004,HIGH,MEDIUM,d0f61f676d4523929221576c5e3f3e06
R26-005,HIGH,HIGH,dd1412622f3dcd88f77aeb4aeda94259
R26-006,MEDIUM,MEDIUM,fe60c9e2e752e2a585d8dde1be220af9
R26-007,MEDIUM,MEDIUM,8d929056601c9833c72b9fd7104213a9
R26-008,MEDIUM,MEDIUM,f8ee83db907d776d55e4f24dfb48458a
R26-009,MEDIUM,MEDIUM,d2f37e6ac9545ab32533158ad6211df9
R26-010,MEDIUM,MEDIUM,d26787e545d69a8294f24783f8beacc3
R26-011,MEDIUM,MEDIUM,37065dc434a5523f2c726e0d5adedd0d
R26-012,MEDIUM,MEDIUM,e588a3fb9d6338e7c3cba73da3c4fc1c
R26-013,MEDIUM,MEDIUM,b86f7ebb12c80bfe73d313b9780b4a0a
R26-014,MEDIUM,MEDIUM,f24ab2d24d6b881cb593ef26fc122fb6
R26-015,MEDIUM,MEDIUM,687a2d5be961d204b60fbb6ee74a8728
R26-016,MEDIUM,MEDIUM,0a9d8e429b227d26b60b6e8befb8749b
R26-017,MEDIUM,MEDIUM,66d3cf33e524d5a59750fc3ee3af76d5
R26-018,MEDIUM,MEDIUM,f54e242d750c11d2e697ef1ebee2ec86
R26-019,MEDIUM,MEDIUM,95cdc8d750d062e697a386dda63d2d0f
R26-020,MEDIUM,MEDIUM,d77434a61c0c058e8965daa309c3d38a
R26-021,MEDIUM,MEDIUM,08f03c3efbb851bdea1c5b54cad5efd1
R26-022,HIGH,MEDIUM,095408b4ed8c0cb072345d0c3a507b3a
R26-023,MEDIUM,MEDIUM,c75f5f1b5b2bc5b4720c54f4042730d7
R26-024,MEDIUM,MEDIUM,da9e784a24b0b720b26f3c7af3c652c1
R26-025,MEDIUM,MEDIUM,27587d7359315f84b01265e8123a4a5a
R26-026,MEDIUM,MEDIUM,a4cf10310a85e74bd25aec85b5e425d2
R26-027,MEDIUM,HIGH,3d72470e6442539642354d89fcdce101
R26-028,MEDIUM,MEDIUM,ce4877f969047a4c69e6a775756b1e80
R26-029,MEDIUM,MEDIUM,d2c286e37b18f4b53aa45fde6d63a448
R26-030,MEDIUM,MEDIUM,3cc15ec362557171e2d5680c594ffb80
R26-031,MEDIUM,MEDIUM,6fe0df25dc9a65b3566f009f1211ac5c
R26-032,MEDIUM,MEDIUM,2ebbe34360fb9139ee95aab97d81c995
R26-033,MEDIUM,MEDIUM,e29810d29a391520b23deb4faf547617
R26-034,MEDIUM,MEDIUM,45b46ded09342bb903038e4eef375b75
R26-035,MEDIUM,MEDIUM,a6a5df8297a7d7767b3b3a94b50a7355
R26-036,MEDIUM,MEDIUM,d8628426a838b35a5a7c48a0c4bf7828
R26-037,MEDIUM,MEDIUM,15b5e9e3afed597cb447272e86484caa
R26-038,MEDIUM,HIGH,62ca6c51bab1338c12317a52137464a5
R26-039,MEDIUM,HIGH,fd4e9d780d9be2a89addcb36337c6676
R26-040,MEDIUM,MEDIUM,2062fe537987269eb2b77f42413fb5a9
R26-041,MEDIUM,HIGH,218a10191743bd0d46ce6df5c4d7115e
R26-042,MEDIUM,HIGH,9470a8a9fd5c250a2e3f2a032040cf99
R26-043,MEDIUM,HIGH,dcda43663aca21fa1ad9f99fc2b17e60
R26-044,MEDIUM,HIGH,465386e23b49bbbaf0898db8c2b8911e
R26-045,MEDIUM,HIGH,2dd9b0f5fd58de88ed13625b5ca99d16
R26-046,HIGH,LOW,e2bb8327cdea6d0460f43ab09e151d40
R26-047,MEDIUM,MEDIUM,d910305e67485c14c1c01a0440d2533f
R26-048,MEDIUM,HIGH,d809bc2e724ad0f0c25570dad0745dad
R26-049,MEDIUM,MEDIUM,78240bc09dca909ba108048e6c2350ba
R26-050,HIGH,LOW,1e5832f7e03eeb196d1960170014df96
R26-051,MEDIUM,MEDIUM,a73e5ac6f4ce320674b8efc298a27350
R26-052,MEDIUM,HIGH,03c4cca3779ee5f074d7076b73d80449
R26-053,MEDIUM,MEDIUM,0fb2c69092a8e046de4b45f9da5467dc
R26-054,MEDIUM,MEDIUM,6d31234dcd8347efa9dba280888de897
R26-055,MEDIUM,MEDIUM,e69e142df231096bd72c232cf9ef8c20
R26-056,MEDIUM,MEDIUM,4cfc0284c57d7459aaa6c5b9d95e26d2
R26-057,MEDIUM,MEDIUM,a01ef0e1c7309f4a2311e53654b9eca1
R26-058,MEDIUM,MEDIUM,9aac9456d915fd6be4dc68c0bf28dfa6
R26-059,MEDIUM,MEDIUM,0cd7d3d20d3c6a6154466507b4e8e3b5
R26-060,MEDIUM,MEDIUM,7c27acb3fadd40a74c943a520a475436
R26-061,MEDIUM,HIGH,4a2b3ef2d1e411fe36c0744e6387d5b2
R26-062,MEDIUM,HIGH,a908e89513d9c53629497de18bbe46c0
R26-063,MEDIUM,MEDIUM,30c304a77f0f1af91ad8fd02e479ea93
R26-064,MEDIUM,MEDIUM,539b54bf4597dfc53ca28677dd37d1d7
R26-065,MEDIUM,MEDIUM,18b7277205d97ea2859a3a4fd059599c
R26-066,MEDIUM,MEDIUM,18c61553a29731d19a8d731b26cee13f
R26-067,MEDIUM,MEDIUM,42565d5b76cfea8fa57ad2b3c85f0798
R26-068,MEDIUM,MEDIUM,0391fd9a8d07f703a3f530441a0118af
R26-069,MEDIUM,MEDIUM,a40add82c8ca55439367007b3c84cd03
R26-070,MEDIUM,MEDIUM,0d74d79e8cbc5752781f174540db1df6
R26-071,MEDIUM,MEDIUM,e5c77bce12be01baa261525d25f8dac0
R26-072,MEDIUM,MEDIUM,30402e972003d708e5f667ee2f12c7ed
R26-073,HIGH,MEDIUM,ceb9c90860705e0fadfc18f436c0cbe7
R26-074,MEDIUM,MEDIUM,8417964248f8f45b7756168decb4cb7d
R26-075,MEDIUM,MEDIUM,51cde86753d175bd145e5f1622d67df4
R26-076,MEDIUM,MEDIUM,eeaa18f7311fd5408c9fa32138d5ea64
R26-077,MEDIUM,MEDIUM,cf5672ae18a8c9dd89b1deda8ea26f35
R26-078,MEDIUM,MEDIUM,f054c2fea366bb089cf0501845962353
R26-079,HIGH,LOW,db5ff9cbc2d99159fd6c1e1699652558
R26-080,MEDIUM,MEDIUM,10d64f2c02035382e06a837fdee37ac6
R26-081,MEDIUM,MEDIUM,0a7157b9ebc8464f5d1cc21e1564f141
R26-082,HIGH,MEDIUM,792086263f499b8f8dd5e5d8b927f701
R26-083,MEDIUM,HIGH,c7a13d949c54342c66d47ce6b69c1314
R26-084,MEDIUM,MEDIUM,8ac68dac38616e6cbe6c24cf7e96ecc1
R26-085,MEDIUM,MEDIUM,9cabe1cd68ec02bea43865504c2b4d9c
R26-086,MEDIUM,MEDIUM,6263d01c7b9ee7cc75c871efedc7dab4
R26-087,MEDIUM,MEDIUM,434609b1a3c481c94dd866b525cfcd4d
R26-088,MEDIUM,MEDIUM,c621adae372af1368146ae1c16ddf198
R26-089,MEDIUM,MEDIUM,3a0a92572345aa14a4b95d6b6f8f8e05
R26-090,MEDIUM,MEDIUM,bbeaee2587fc41a5022117938fa71d6f
R26-091,MEDIUM,MEDIUM,a7ac1ed95da918ba5432519aaacf52cd
R26-092,MEDIUM,HIGH,d59af2b5566c00d106b8a93dc62c194b
R26-093,MEDIUM,MEDIUM,9060ee70ddb1b34e09371157c995ae10
R26-094,MEDIUM,MEDIUM,5ac62a80a19c8f390fd902a7c5cbcda5
R26-095,MEDIUM,MEDIUM,296d8e741d3bb6df61c0f7692c7da779
R26-096,MEDIUM,MEDIUM,1bd323fa5bb7fbbd96ab5ee39a17ff23
R26-097,MEDIUM,MEDIUM,60bc71221d657bd06958511e94248d0b
R26-098,MEDIUM,MEDIUM,714e7c7aa2387ce148b254bcbce2b994
R26-099,MEDIUM,MEDIUM,f110033a8251530997fbb4c4c8825e63
R26-100,MEDIUM,HIGH,90535800034f50d1fc879f351ef8c067
R26-101,MEDIUM,HIGH,2438a7514fb4310b66736ae389ac2d39
R26-102,MEDIUM,MEDIUM,ed25485de60b8613fcc9864cf0fd23ce
R26-103,MEDIUM,HIGH,d073bdac34a6e395ad1c5ae92b91fb0d
R26-104,MEDIUM,HIGH,99d2b38d183ef8ee67929d5a44462053
R26-105,MEDIUM,HIGH,87c2cb766faa34e8cb6f1cbbca02425d
R26-106,MEDIUM,MEDIUM,50614e4867ca551068c9ffc17dade9ef
R26-107,MEDIUM,MEDIUM,95e548d52bcae2ca4815bff5c5d194ef
R26-108,HIGH,HIGH,8d59234e9e0faa51937035b01c19336d
R26-109,MEDIUM,MEDIUM,a7b98089861464c94bc297915d275e75
R26-110,MEDIUM,MEDIUM,4a433b2a2c525edee4fdae847c12e36e
R26-111,MEDIUM,HIGH,857a689d2d1fd8854a423c5eb7b972dd
R26-112,MEDIUM,HIGH,794a179cd3fbc34a722c0396ec6bd769
R26-113,MEDIUM,MEDIUM,39ac19e604ed98fedf00596bbdc8e3ec
R26-114,HIGH,HIGH,a67fe0f9de635d138e8f58ddc0d0190e
R26-115,MEDIUM,MEDIUM,23a742bdb34a7a09d2ab48fe7b94855c
R26-116,MEDIUM,HIGH,450dc904c24fad5b2a66bf718473ebe0
R26-117,MEDIUM,MEDIUM,d79a16afb33963a31a0ab53a4501ebf7
R26-118,MEDIUM,MEDIUM,19b5e8cc4627f7eb7bee1cc346a2a6d6
R26-119,MEDIUM,HIGH,20c36254a8e13cb3dbd8344fe5271676
R26-120,MEDIUM,MEDIUM,2a9bf7184726b9af6262c889531255b9
R26-121,MEDIUM,MEDIUM,cbdc3ab237b61b79ec212c93e5afbe54
R26-122,MEDIUM,MEDIUM,2aea8656d189b82d3070b342d0942547
R26-123,MEDIUM,MEDIUM,942650d66cf7b3bff6294ab8f6c3d232
R26-124,MEDIUM,MEDIUM,41083943a54b1b88085bbc7b4b8945d1
R26-125,MEDIUM,HIGH,f3155420fb8953e645bb98ff5a198595
R26-126,MEDIUM,MEDIUM,a80e30fd2b0268dc9cc5494ccef89991
R26-127,MEDIUM,MEDIUM,d7c54d401d15d93524af0156c247f400
R26-128,MEDIUM,HIGH,eeef0a679698482aabf076189fb2ee3a
R26-129,MEDIUM,MEDIUM,ea51f11a33ec58bd19886eb45ad40987
R26-130,HIGH,MEDIUM,811bc04d13ccab36eb4643b724fdba0a
R26-131,HIGH,MEDIUM,15955f554f9e20772e6e9ca1ad919db5
R26-132,MEDIUM,HIGH,8b3806459ecf7205e923cdb043bce6dd
R26-133,MEDIUM,MEDIUM,be549d48f5018db629d946627853eb9b
R26-134,MEDIUM,MEDIUM,6b6621d0b37f87cfe63a35a2ed3bd843
R26-135,MEDIUM,MEDIUM,1da683a6196546c7decb29b79a7aec87
R26-136,MEDIUM,MEDIUM,acb3ffdfff1b599ae3cab19a0ec95b98
R26-137,MEDIUM,MEDIUM,29ab6e8a317e49aed7fa0fa1e00e5726
R26-138,MEDIUM,MEDIUM,ec924f9171709dbb0bc68f9a1b503f9c
R26-139,MEDIUM,HIGH,5652f690eb2c7bc91653df1336d79f9f
R26-140,MEDIUM,MEDIUM,fa6e0b652ad1bc58b3d464ea21d2294e
R26-141,HIGH,MEDIUM,18f3536e607a6f5ea089ace28f2e53c4
R26-142,MEDIUM,MEDIUM,333067667f9e75a9784a0fea8f23839e
R26-143,MEDIUM,MEDIUM,212676acb5edbfbc3abc1c2f0f94a6e3
R26-144,MEDIUM,MEDIUM,7fd5ce3ce30035ae016ea14ad030601b
R26-145,MEDIUM,MEDIUM,559ff7f6e804fb65a8a0e9259a51cfaa
R26-146,MEDIUM,MEDIUM,7706047a51dbf21d77bc98dc43776806
R26-147,MEDIUM,MEDIUM,9b3a54825b62ff99dd9d1c879f77fcab
R26-148,HIGH,MEDIUM,fb5d01b15fe6dcaa0615a3c00a6b789d
R26-149,HIGH,MEDIUM,b3a634bb91af65ca9cb42c58cbb2c475
R26-150,MEDIUM,MEDIUM,69b597ca2dbcd34c79701ad76d70bb5d
R26-151,MEDIUM,MEDIUM,645f138208fec48b063ecbc4869671ec
R26-152,MEDIUM,HIGH,ba77af5de9d8b397dd1b4a39490a7699
R26-153,MEDIUM,MEDIUM,2db38050e2aa55e23a208e8b325b7eec
R26-154,MEDIUM,MEDIUM,6043cb3d6a16c30ead1797febc7c516e
R26-155,MEDIUM,MEDIUM,7d35ca7ad30ec3a79e0b3133a7f9e711
R26-156,MEDIUM,MEDIUM,4af6eda5620b8d6cc002f01a4ce0ac3e
R26-157,MEDIUM,MEDIUM,cb7a5be7eba3cd5dccfaf9e6ce5dee89
R26-158,MEDIUM,MEDIUM,b383228765b85a4556ac62facceab26a
R26-159,MEDIUM,HIGH,7661d61d5b73d0fc8025734f52ffdded
R26-160,MEDIUM,MEDIUM,7a570e9b366bc620ba8bc27f96b9c1e8
R26-161,MEDIUM,MEDIUM,39d8993a7002d4e1c0c8abd2af3ab6fb
R26-162,MEDIUM,MEDIUM,ac1f99677d8d8606d10a6bb2ad5db3b9
R26-163,MEDIUM,MEDIUM,ac4f20d30bf9b510b5d69e2b5e0d3b5d
R26-164,MEDIUM,MEDIUM,a1a9d4bd256bbd9983d235214904e1f1
R26-165,MEDIUM,MEDIUM,dbf6ca77be5c446b127a66801cf25d20
R26-166,MEDIUM,MEDIUM,0ba9b96878c40801f588d879fbe7a394
R26-167,MEDIUM,MEDIUM,7428052c71d6594184a193851bf1ffb8
R26-168,HIGH,MEDIUM,a67baccff48769ea4161729d07c05365
R26-169,HIGH,MEDIUM,27379268eb955a7d68bbfb27ee5c4883
R26-170,MEDIUM,HIGH,aa936ce3e0fcbf08ace87c7778453679
R26-171,MEDIUM,HIGH,20cb94ea58960b16fc9e0bdc337b0372
R26-172,HIGH,HIGH,f54e3a3f2070da97f21dfdfbb1816399
R26-173,MEDIUM,HIGH,e83d15e5f41ba5b829762a22bcf13597
R26-174,HIGH,LOW,7816ef49edb6afe0f57e7dc40e76714a
R26-175,MEDIUM,MEDIUM,e6ebaba9ae7085b84fd6719385fcfa77
R26-176,HIGH,LOW,58215bc2a689fb08886dd61038cdb387
R26-177,MEDIUM,MEDIUM,3ae1b1c3b9c9791a8ef3ca21a2b9e41f
R26-178,HIGH,LOW,c18a8a1ca667b29d431cf5c5825d2258
R26-179,MEDIUM,MEDIUM,319af816bbf541fad45a7c89b4ba20d2
R26-180,MEDIUM,HIGH,bb430000ad1a96aa5d130f4d08df4b38
R26-181,MEDIUM,MEDIUM,cec799aa9bd280e7f303df3004966b54
R26-182,MEDIUM,HIGH,f57b4034b141862becb13e3767e06de5
R26-183,MEDIUM,HIGH,f9b81e864e038902af67c25c2a7bf822
R26-184,MEDIUM,HIGH,830b9c0a94ff43b39fdfd0d54cd3b1ca
R26-185,MEDIUM,HIGH,e4015a1c0cd29696b64a78dea7eb69ce
R26-186,MEDIUM,HIGH,998118208a73d200bef7f1ff228ee5c4
R26-187,MEDIUM,MEDIUM,bd4867a8c0ab8b736260e6f128d14656
R26-188,HIGH,LOW,7a4011fbcb4d928b52f330a8f2b287de
R26-189,MEDIUM,MEDIUM,039c6b24de1e8dc1baa50c00fe7632bb
R26-190,HIGH,LOW,3d0d38183fcd2190feda2f9ed2a77884
R26-191,MEDIUM,MEDIUM,54fb565f6099e5d36a827b50885ff110
R26-192,HIGH,LOW,e0996fb6bb40f47178f92e95ae12c66a
R26-193,MEDIUM,MEDIUM,1018988f8219a2aa9fb1ce9ffa6a2170
R26-194,MEDIUM,MEDIUM,a9945f124bd5922f34d5aa7155846ee1
R26-195,HIGH,LOW,dfa02ea719b4f7de63867c5af02856fe
R26-196,MEDIUM,MEDIUM,17ebabb4bd1fe09fc686dd509a7c9975
R26-197,HIGH,LOW,aba028db4602db5e43c23c0f4d85a1ec
R26-198,MEDIUM,MEDIUM,da75fad060a6a9486ace8ceadaf1b91b
R26-199,HIGH,LOW,c2ef2c85e4aa3e8cb4f924553b9e279a
R26-200,MEDIUM,MEDIUM,73348faf0a8bbfac8015a1f45a07c9a4
R26-201,HIGH,MEDIUM,64c3476245961412e252b10da7a62473
R26-202,HIGH,MEDIUM,8a51736a3672727fe910460fcccd6dea
R26-203,MEDIUM,HIGH,05aafd5855dc6f20bdebc087d0d2bffb
R26-204,MEDIUM,HIGH,594d214db65b9aeb31581b7952c717e0
R26-205,MEDIUM,MEDIUM,d964e145293ca9be9dc987b3f438e058
R26-206,MEDIUM,MEDIUM,f767299ccfd4040071d71fbf24a19a54
R26-207,MEDIUM,HIGH,0a2b7cabc9c2151e2e74df04738c3284
R26-208,MEDIUM,MEDIUM,1951f6b2d510311c6010dd898c61f90b
R26-209,MEDIUM,MEDIUM,1b0d2698e6483649ae1be9adc46f8955
R26-210,MEDIUM,MEDIUM,e9c15605547dfaec10cfe3f6ff3b2327
R26-211,MEDIUM,MEDIUM,c080bc312a00280cc44465b80b329033
R26-212,MEDIUM,MEDIUM,0be53f6412c5aa1c75ecf97dec23e2fd
R26-213,MEDIUM,MEDIUM,1746a9ba8498a035c08d94cbde3fe50a
R26-214,MEDIUM,MEDIUM,3e340210a6e61f7a5263ebe0a03a9964
R26-215,MEDIUM,MEDIUM,89e6537fe540e502031c2d2bf151e832
R26-216,MEDIUM,MEDIUM,b5b335ab9cadc8e3cef41adb106dd36b
R26-217,MEDIUM,MEDIUM,8feb4099c5628b923f5960814309f591
R26-218,MEDIUM,MEDIUM,a6df259759820bafcf045e6f13a6c413
R26-219,MEDIUM,MEDIUM,f54921954ff2a7011a5011d09dced890
R26-220,HIGH,LOW,ea01521df509eb3465796396c70fa8e0
R26-221,MEDIUM,MEDIUM,0c64b1cee3c7e0dd4d27acb9f96b8d14
R26-222,HIGH,MEDIUM,acfe33023e9df2de9e4bbe2e33c756ef
R26-223,HIGH,MEDIUM,dd69a18e8fb5f7dceba228c48ecac17d
R26-224,HIGH,MEDIUM,e0e22596dfac8958e0e8420781d0e80b
R26-225,HIGH,MEDIUM,038a34426416944c16e9a304074e6cc9
R26-226,HIGH,MEDIUM,88c7ac1275328b9d05896dd6b5ee9d3e
R26-227,MEDIUM,MEDIUM,150f02ec6f768e4b78d9111015e64fd9
R26-228,HIGH,MEDIUM,8a51ae7b0aec8d235050e5b66221d8a8
R26-229,MEDIUM,MEDIUM,2a5f6df6157d9c91ad7b566fe3d5cc7f
R26-230,MEDIUM,MEDIUM,30a089b144c270dc75bfe2c7b76fbbba
R26-231,MEDIUM,MEDIUM,fd411b1d86b93a0faf38b5389641d928
R26-232,MEDIUM,MEDIUM,5e7c9c3dbf7fbe1793a63de1f3131259
R26-233,MEDIUM,HIGH,80f550fcfaeebef1ea857d26425865a5
R26-234,MEDIUM,HIGH,979dce21afa50cc224887a17f4d77b71
R26-235,MEDIUM,HIGH,945f916cc2c3f975788cebb04a0d2ca9
R26-236,MEDIUM,HIGH,cbea9e7b2f175ed8437b1a49c0735f1e
R26-237,HIGH,MEDIUM,c8f364289ff32c04bd18c748f489a201
R26-238,HIGH,MEDIUM,f9834f0ea67eb406764cc7bc872c3053
R26-239,HIGH,MEDIUM,a80f7d24956ce1c0ba5a05684fb46efb
R26-240,MEDIUM,MEDIUM,f816429e3713338b654330f19ac0c7a6
R26-241,MEDIUM,MEDIUM,675e2a4fcb182ac4ac799a3fdd152aa5
R26-242,MEDIUM,MEDIUM,f6cd76c222bd92d8bc0b681de5adf0c3
R26-243,MEDIUM,MEDIUM,7c14b6d3e666acdcf8ee7179cd50ff31
R26-244,MEDIUM,MEDIUM,3395292fc60692cd957e592253b0af39
R26-245,MEDIUM,MEDIUM,b58bd53c067c6c96434aa599e59fba5b
R26-246,MEDIUM,MEDIUM,161d48e80bde683e490e7a568763cb0b
R26-247,MEDIUM,MEDIUM,4892eaefa0253ab1b5c4f4e19efbbed5
R26-248,HIGH,MEDIUM,1831753c87f2f543f1536ebc69e5ee7d
R26-249,HIGH,MEDIUM,4a4a54bf75024c3b35495dae881645b5
R26-250,HIGH,MEDIUM,f8e626f4b8778b791d8565663c8a8e07
R26-251,MEDIUM,MEDIUM,bf50cbc1b29c34625bc4a651666a2add
R26-252,MEDIUM,MEDIUM,4155aaa50e9861153a73428f4460385c
R26-253,HIGH,MEDIUM,48647d6ec0ff1318b2bc3fc5d1ede473
R26-254,MEDIUM,MEDIUM,bf838c77dfea7f953692ad062972de71
R26-255,MEDIUM,MEDIUM,534e6b1f65db815d9eb6e02a5a0f03d2
R26-256,MEDIUM,HIGH,d4f2bc3b8656ba14a46442f9b5df9df0
R26-257,HIGH,LOW,e563539d2dab0309a0ed7cf315194c52
R26-258,MEDIUM,MEDIUM,8f878a09741cf60fb22a4aad6187998a
R26-259,HIGH,MEDIUM,15f9d60aad94c5ee28dc952c82bcafd5
R26-260,MEDIUM,MEDIUM,44644c60f77b6f83374fa107186f4c7b
R26-261,MEDIUM,MEDIUM,24d3903c09e4b0003a240eec02573c8a
R26-262,HIGH,MEDIUM,313a239e64b7d5dca548e16f9a48a42f
R26-263,HIGH,MEDIUM,eb8841ae6bf266c37d38331958d9b42b
R26-264,HIGH,MEDIUM,41be0fdb98f2f6cafdd3fbc41bb69c7c
R26-265,HIGH,MEDIUM,fa673eaac5f710971474cb0f2c3a87e4
R26-266,HIGH,MEDIUM,07c678bc898144bb09c176922d8f395f
R26-267,HIGH,MEDIUM,92531ef9075e540f4277e9d0e6a5ad78
R26-268,HIGH,MEDIUM,76e77f586b4890a3a777883cf8615128
R26-269,HIGH,MEDIUM,1e51895e8ca377a90ceda55937f6c9a3
R26-270,HIGH,MEDIUM,9b7ea0135fd2091a3ae2a6010da54a4f
R26-271,HIGH,MEDIUM,bd4b09dd641026ac8f5f24c4ab5d45c1
R26-272,HIGH,MEDIUM,53c113f319643ccaf949b952c8f22255
R26-273,HIGH,MEDIUM,4fded3b20fb970866cd1f9c40b7eeae3
R26-274,HIGH,MEDIUM,336670188d400f83ce2098aa716ac0fd
R26-275,HIGH,MEDIUM,16463d1ef7715cad1cbb99211189d6b1
R26-276,HIGH,MEDIUM,f2ea200df1d6fbc5a33219bb84fb3c82
R26-277,HIGH,MEDIUM,7b184d3c6e8802f5e82d41829ef35fbe
R26-278,HIGH,MEDIUM,479b389bc7a8823e186fa839793fafcf
R26-279,HIGH,MEDIUM,437654b982d54af66770c3ded6ad5389
R26-280,HIGH,MEDIUM,51c1c6d19a83ab37d31c4daaf89e9467
R26-281,HIGH,MEDIUM,ea05b2cfeec1dfbfeaa194d294e34e6c
R26-282,HIGH,MEDIUM,b6094d3a84cfb9effb8ff7ec55493aaa
R26-283,MEDIUM,HIGH,bc234d5db5304db47902417f48b804dc
R26-284,HIGH,MEDIUM,53424e57e18e5a0644678d2132e128e8
R27-001,HIGH,MEDIUM,5b215298dfe81b655406a254ab61c1eb
R27-002,HIGH,MEDIUM,0dd52654437d86f998364bcf8c05a2ae
R27-003,MEDIUM,MEDIUM,685850651c6f6277bfc71f96723dacdb
R27-004,MEDIUM,MEDIUM,846a5cbda250958809fbf14dab74f4b6
R28-001,HIGH,HIGH,a9e282b1b69ffc6951f47a27f9e1a0e1
R28-002,MEDIUM,HIGH,be6baf0afbd431fbb2cab0342538357b
R28-003,HIGH,HIGH,a7aba6941811d3585e4cb54f927dc263
R28-004,HIGH,HIGH,64a1a2a4d1e00622557fda995abc82fb
R28-005,MEDIUM,HIGH,eeb64ade9dd4dd3534023df090d99a12
R28-006,MEDIUM,HIGH,e52e83d0bc42561221b58ca3be899c0e
R28-007,MEDIUM,HIGH,af7da4070671f242e1d7a38c7971b0a4
R28-008,MEDIUM,HIGH,b9ee4ef7aedf66fc58bb3fe15645cd35
R28-009,HIGH,MEDIUM,de1e7b628c94332987d3bda7df71a74b
R28-010,HIGH,MEDIUM,5358f8c0b703ba10375516c9360bd292
R28-011,HIGH,MEDIUM,4384b1dd4311f74c9b724918377448ba
R28-012,HIGH,MEDIUM,fa892671babe5a29973ea3262f5782ce
R28-013,HIGH,MEDIUM,b997b8798cb72c339eab712b3aa41e8e
R28-014,HIGH,MEDIUM,5e5787321a0bc8919d1cd0a0e6e06f31
R28-015,HIGH,MEDIUM,519dc1efa62ba48d41c195f98edd8f58
R28-016,HIGH,MEDIUM,648c4bb5d06ccea56c4c5fa156ed16bb
R28-017,HIGH,MEDIUM,1d35ec8591bb8918e2d5efa025fe3458
R28-018,MEDIUM,MEDIUM,6f620368e506777ac5471acbeb2416b7
R28-019,MEDIUM,MEDIUM,de85560570d0195644279b3a14d90905
R28-020,HIGH,HIGH,0024300f41097034f1e882e8db323fea
R28-021,MEDIUM,MEDIUM,1406bb7d92d2ae02cc8a66c8d03d886e
R28-022,MEDIUM,MEDIUM,95c9da9564f93d9404ceef182cfde5a4
R28-023,MEDIUM,MEDIUM,3e1451cfc739d6362f55cbddcef75034
R28-024,MEDIUM,MEDIUM,0764f49b8cad0d9ec16c12ad57ef9d80
R28-025,MEDIUM,MEDIUM,8e2994d29ce590f20628bf5398482bf1
R28-026,MEDIUM,MEDIUM,c03e2dd851c28155c79fc0c42f11c271
R28-027,MEDIUM,HIGH,59669e4b4f35e47356d535ec828867a6
R28-028,HIGH,MEDIUM,127c4c2026be00693e6419968ce4dfa6
R28-029,MEDIUM,MEDIUM,123e9d670053aa727b945a33532fec68
R28-030,MEDIUM,MEDIUM,374c4343d0a00c1e3a360b02dbd5103b
R28-031,MEDIUM,MEDIUM,0678ad52fbb9e250cb629cedbf1c520c
R28-032,MEDIUM,HIGH,7ea00a5c1ef802fbd195995599cf8ca5
R28-033,MEDIUM,MEDIUM,2134eedffdce09f0abdcb6c7e2fabad4
R28-034,MEDIUM,MEDIUM,72878bcdafd0ed513a729f477a060405
R28-035,MEDIUM,MEDIUM,8cc423fbadc719285111790f041b52c4
R28-036,MEDIUM,HIGH,f1ed25c92f0aa816aa8221d9a9c9541c
R28-037,MEDIUM,HIGH,9b650fcb068778fe8fb7c54517b230bb
R28-038,HIGH,MEDIUM,2f72e0103563a15cf448c126b75cafd3
R28-039,HIGH,MEDIUM,efcec25466fc82a8ae7a7957ca37a95e
R28-040,MEDIUM,MEDIUM,c7d86aa8fd24d25965a03258c8e4bbf6
R28-041,HIGH,MEDIUM,c4f657b22fa09ac6b1ece7b0a149c9f3
R28-042,MEDIUM,MEDIUM,491806f873768ea41b9a9d2b8d90fc56
R28-043,HIGH,MEDIUM,c424b8b43686dca9fdd9b144659eb407
R28-044,HIGH,MEDIUM,159fd5d650f8b8260f0f459dff3b24eb
R28-045,HIGH,MEDIUM,5097d78c5d69233a7adf7f4cbf3c589b
R28-046,HIGH,MEDIUM,90d5040f14390cc1c0adae423ffe28a9
R28-047,HIGH,MEDIUM,e8f1a9c75c38ed4dab4b4f82f86a097b
R28-048,HIGH,MEDIUM,fecae17123e8197c4c6fb942fd1fb970
R28-049,MEDIUM,MEDIUM,ff51574e3208cafbadde67f5c6241fdd
R28-050,MEDIUM,MEDIUM,e4a147d4af9a6b79618ea62024dbef1b
R28-051,MEDIUM,MEDIUM,f8c5eddf97a665464becf2b136fe0056
R28-052,MEDIUM,MEDIUM,6deedaf3ac75e7e55fc697be729e7f55
R28-053,HIGH,MEDIUM,09adac62b70231198153d882886c4053
R28-054,HIGH,MEDIUM,e7a9e88b1a514961b25db836dc4b10d5
R28-055,MEDIUM,HIGH,6e7c8d324edbe04e39d78c7ed4e7dc5e
R28-056,MEDIUM,MEDIUM,d42a9277d841380af8c58d04a3112fdf
R28-057,MEDIUM,HIGH,0f85fc57cce343de01edbf3c02d542c6
R28-058,HIGH,MEDIUM,9bfebaeccfba6fbc5cb5cf0a987f7b9b
R28-059,MEDIUM,MEDIUM,b13b525ab692b3c4372bd4e862b9061d
R28-060,HIGH,MEDIUM,e38a993bd4e5b50061dd59dddda0dea0
R28-061,MEDIUM,MEDIUM,243d434f83cd44424b2c2f40813a011f
R28-062,MEDIUM,MEDIUM,d4eedcf46bfd2767b2c026ab8ab81fcf
R28-063,HIGH,MEDIUM,936ba5faf94a08e9ffbc524c4d359621
R28-064,HIGH,LOW,f01ce6f97060f53c8dea89c609918d59
R28-065,MEDIUM,MEDIUM,d00a5b489609141821332672f814896a
R28-066,HIGH,MEDIUM,27676ace45336eeb996806ea736f31e3
R28-067,MEDIUM,MEDIUM,a1fa13c0d104a7bd5e2619a77f410e75
R28-068,HIGH,MEDIUM,364e2a3837c3232cb1e7dde615c680ff
R28-069,MEDIUM,MEDIUM,0c731890ad1ffb3d60028da8e50f87f4
R28-070,HIGH,MEDIUM,b809d269cf628c8bc2505b567e609f5f
R28-071,HIGH,MEDIUM,2941ac74204bf49e187c7781db963d72
R28-072,MEDIUM,HIGH,74bbe4407df19f290f0cb8e50f171d65
R28-073,HIGH,MEDIUM,c94e4b53c317305fa1a83baf7542fab7
R28-074,HIGH,HIGH,31139f21dbee430f540c23ca080f8957
R28-075,HIGH,HIGH,c596e05c3786deab73eeacc72f375cd6
R28-076,HIGH,HIGH,e0ba404623ff2236ce506a76f5c66125
R28-077,HIGH,HIGH,cb46ec2b7fe7b422f858f9e4b1d70b4d
R28-078,HIGH,HIGH,afd718905b02c3b54c516a2d2781c4a7
R28-079,HIGH,HIGH,84c532f350ad084d0748a0951559aaa2
R28-080,HIGH,HIGH,5f44ca0abaaef3e62ac07b765116b078
R28-081,HIGH,HIGH,b8769d91f659a042b08e0a1b40b00365
R28-082,HIGH,HIGH,776a0268847d91f982020c912b7b6c77
R28-083,HIGH,HIGH,37c09a924a45fbf5acccf80d32d22027
R28-084,HIGH,HIGH,8be1c387645ba18906e20bc91b487de7
R28-085,HIGH,MEDIUM,fac60cf373fa0c8cd78c3d19d52570ee
R28-086,MEDIUM,MEDIUM,3382cbc89be5f1efe0f0b4f299f5fdc9
R28-087,MEDIUM,MEDIUM,5cf8ea277547a82ebbfd5d2105551e2b
R28-088,MEDIUM,MEDIUM,8578fd1e48791fe122a86b1560e9a026
R28-089,HIGH,HIGH,2379307ddd237883db00bef2922c61e9
R28-090,HIGH,HIGH,729fd02766ab5dedce8375e68b984342
R28-091,MEDIUM,MEDIUM,93217b7ed662bab7d97174d7448b9048
R28-092,HIGH,HIGH,56533ead630e5468d093511d364d66ca
R28-093,MEDIUM,MEDIUM,0cb1b0c47cec0bc956c4db4b96679ea9
R28-094,MEDIUM,MEDIUM,d7126598addc728e4d288828c54e16f0
R28-095,MEDIUM,MEDIUM,c0f8f6ac7b60085605f7ce8acb61a85f
R28-096,HIGH,MEDIUM,8fc64073b0db8be595de922e4a88ca73
R28-097,MEDIUM,MEDIUM,5aea3bc8843150bd07f994cb29fc32d7
R28-098,HIGH,MEDIUM,908383b502348470ed463a86d5cf5910
R28-099,HIGH,MEDIUM,0167c2fa96771a4c94f735751b85341a
R28-100,HIGH,MEDIUM,666b6a8c4c74fa35773ef80ecb8d7f76
R28-101,HIGH,MEDIUM,aacd62f362f390db79ddeb9c1bddcb24
R28-102,HIGH,MEDIUM,55b5e71a4b9e06e71ccd6b3732922d27
R28-103,HIGH,MEDIUM,2d8cf2f76597f70e16c05ae4701d22ee
R28-104,HIGH,MEDIUM,6f875f295a54a704f21a85dc8658a8df
R28-105,HIGH,MEDIUM,e6378807fe6a60d34efc67904ccd3fa6
R28-106,HIGH,MEDIUM,b9062f6002d68a43975347ae74ff2410
R28-107,HIGH,MEDIUM,2704d250bff240e4932e62c46d231402
R28-108,HIGH,MEDIUM,8cf1d34e085e83f729dd8157e8f56aba
R28-109,HIGH,MEDIUM,b2023296aecaeb2f8f08a6d980ea73a4
R28-110,HIGH,MEDIUM,7e2e69521eb0268c4107b3492c07597b
R28-111,HIGH,MEDIUM,f232633971b200ce4f04c9b3e7af7645
R28-112,HIGH,MEDIUM,480ca58237f52b25aba8328939a93af1
R28-113,HIGH,MEDIUM,9d87910184025c4667887c54f69be2cc
R28-114,HIGH,MEDIUM,b24726665972e09b95f12392473ece38
R28-115,HIGH,MEDIUM,f47e1ee4e96a59fd58a12e74854354ed
R28-116,HIGH,MEDIUM,859311db3436ac81d9dea9e432c3e05b
R28-117,HIGH,MEDIUM,fe729af07a1bb454c60214e6b5007035
R28-118,HIGH,MEDIUM,5b51f9d429f1f4f3d583005a2eefe996
R28-119,HIGH,MEDIUM,6c089be6e9601bfd1a1795682e3a7cda
R28-120,HIGH,MEDIUM,1c8fc8799e5d42a6117a0992aee31273
R28-121,HIGH,MEDIUM,3ef23e384e5f555d949a72f866625d2e
R28-122,HIGH,MEDIUM,142c91102867dc494ed177a67783473b
R28-123,HIGH,MEDIUM,963dc365b7c75702a4db5ccb018b31b6
R28-124,HIGH,MEDIUM,92929daef09a8de7c2c6da5e35d5838e
R28-125,MEDIUM,MEDIUM,f52d7862aa64136eb510f4d999250d99
R28-126,HIGH,MEDIUM,0d8988832ee585292dc354e75f28560e
R28-127,HIGH,MEDIUM,b3f2d1ca19f91965cebb54189e33808f
R28-128,HIGH,MEDIUM,89f8d0f7e7c99fa27195d9baa91041af
R28-129,HIGH,MEDIUM,7060d27200df39d207e12bfa296cbff1
R28-130,MEDIUM,MEDIUM,59b3b37d29bf7deeb62ecae0629d2466
R28-131,HIGH,MEDIUM,e96147fb27b546e6970354010e94323c
R28-132,HIGH,MEDIUM,4f7772948b85fd0185e594f6b59bc67e
R28-133,MEDIUM,MEDIUM,cb75d189fbed86e365f764b65457a7f8
R28-134,HIGH,MEDIUM,e6b2c5e70ca87b6e3fe40b017e0f68fa
R28-135,HIGH,MEDIUM,ceec9b31c81a8478e5b7bad077e8f163
R28-136,HIGH,MEDIUM,74707497ce4decefd4e5484c1f9fa3f8
R28-137,MEDIUM,HIGH,2a7fafc5c7c4217db787b300dbd30127
R28-138,HIGH,MEDIUM,19d81cfaa7d51fca7f7f677f0906ee94
R28-139,MEDIUM,MEDIUM,8bc1b721847f1a834262d1a4e870042e
R28-140,HIGH,MEDIUM,9afa27ca8dda9f0cf97c760d8de51b99
R28-141,MEDIUM,HIGH,992e3558418cda36c97e196290d377e7
R28-142,MEDIUM,HIGH,6a403f483f7b5518df20611885a0c2b9
